<?xml version="1.0" encoding="UTF-8"?>
<gpx version="1.1" creator="kr-100-mountains route-harvester"
     xmlns="http://www.topografix.com/GPX/1/1"
     xmlns:k100="https://github.com/jay-jang/kr-100-mountains/ns/1"
     xmlns:xsi="http://www.w3.org/2001/XMLSchema-instance"
     xsi:schemaLocation="http://www.topografix.com/GPX/1/1 http://www.topografix.com/GPX/1/1/gpx.xsd">
  <metadata>
    <name>금북정맥</name>
    <desc>OpenStreetMap에 등록된 도보 경로(route=hiking) 관계를 그대로 내보낸 선형입니다. 실측 GPS 기록이 아닙니다.</desc>
    <time>2026-08-04T05:29:09.802Z</time>
    <link href="https://www.openstreetmap.org/copyright"><text>© OpenStreetMap contributors (ODbL 1.0)</text></link>
    <extensions>
      <k100:provenance>osm-relation</k100:provenance>
      <k100:not_a_recorded_track>true</k100:not_a_recorded_track>
      <k100:osm_type>relation</k100:osm_type>
      <k100:osm_id>19257371</k100:osm_id>
      <k100:osm_name>금북정맥</k100:osm_name>
      <k100:network>nwn</k100:network>
      <k100:source>OpenStreetMap via Overpass API</k100:source>
      <k100:license>ODbL-1.0</k100:license>
      <k100:attribution>© OpenStreetMap contributors</k100:attribution>
      <k100:osm_snapshot>2026-08-04</k100:osm_snapshot>
    </extensions>
  </metadata>
  <trk>
    <name>금북정맥</name>
    <desc>OpenStreetMap에 등록된 도보 경로(route=hiking) 관계를 그대로 내보낸 선형입니다. 실측 GPS 기록이 아닙니다.</desc>
    <trkseg>
      <trkpt lat="36.959780" lon="127.385739"></trkpt>
      <trkpt lat="36.959872" lon="127.385996"></trkpt>
      <trkpt lat="36.959328" lon="127.385094"></trkpt>
      <trkpt lat="36.959396" lon="127.384924"></trkpt>
      <trkpt lat="36.959212" lon="127.383811"></trkpt>
      <trkpt lat="36.959468" lon="127.382889"></trkpt>
      <trkpt lat="36.959108" lon="127.382385"></trkpt>
      <trkpt lat="36.959136" lon="127.382086"></trkpt>
      <trkpt lat="36.958678" lon="127.381534"></trkpt>
      <trkpt lat="36.958805" lon="127.381115"></trkpt>
      <trkpt lat="36.958613" lon="127.379953"></trkpt>
      <trkpt lat="36.957701" lon="127.378917"></trkpt>
      <trkpt lat="36.956753" lon="127.378899"></trkpt>
      <trkpt lat="36.955986" lon="127.378528"></trkpt>
      <trkpt lat="36.954990" lon="127.378815"></trkpt>
      <trkpt lat="36.954573" lon="127.378778"></trkpt>
      <trkpt lat="36.953889" lon="127.379086"></trkpt>
      <trkpt lat="36.952990" lon="127.378604"></trkpt>
      <trkpt lat="36.952374" lon="127.378737"></trkpt>
      <trkpt lat="36.951917" lon="127.378628"></trkpt>
      <trkpt lat="36.950559" lon="127.377494"></trkpt>
      <trkpt lat="36.949584" lon="127.376224"></trkpt>
      <trkpt lat="36.948645" lon="127.375995"></trkpt>
      <trkpt lat="36.948211" lon="127.375440"></trkpt>
      <trkpt lat="36.948179" lon="127.374726"></trkpt>
      <trkpt lat="36.948562" lon="127.373122"></trkpt>
      <trkpt lat="36.949149" lon="127.372584"></trkpt>
      <trkpt lat="36.949439" lon="127.372095"></trkpt>
      <trkpt lat="36.949432" lon="127.369745"></trkpt>
      <trkpt lat="36.949028" lon="127.369249"></trkpt>
      <trkpt lat="36.949025" lon="127.368819"></trkpt>
      <trkpt lat="36.949175" lon="127.368270"></trkpt>
      <trkpt lat="36.949877" lon="127.367537"></trkpt>
      <trkpt lat="36.949800" lon="127.366837"></trkpt>
      <trkpt lat="36.949415" lon="127.366721"></trkpt>
      <trkpt lat="36.949107" lon="127.366209"></trkpt>
      <trkpt lat="36.948807" lon="127.365144"></trkpt>
      <trkpt lat="36.948867" lon="127.363762"></trkpt>
      <trkpt lat="36.949132" lon="127.363281"></trkpt>
      <trkpt lat="36.949306" lon="127.361980"></trkpt>
      <trkpt lat="36.948971" lon="127.361240"></trkpt>
      <trkpt lat="36.948904" lon="127.360645"></trkpt>
      <trkpt lat="36.948455" lon="127.360007"></trkpt>
      <trkpt lat="36.948480" lon="127.359477"></trkpt>
      <trkpt lat="36.947917" lon="127.358916"></trkpt>
      <trkpt lat="36.947740" lon="127.357921"></trkpt>
      <trkpt lat="36.947516" lon="127.357763"></trkpt>
      <trkpt lat="36.948483" lon="127.357444"></trkpt>
      <trkpt lat="36.948708" lon="127.357055"></trkpt>
      <trkpt lat="36.949345" lon="127.356607"></trkpt>
      <trkpt lat="36.949879" lon="127.356452"></trkpt>
      <trkpt lat="36.950131" lon="127.356097"></trkpt>
      <trkpt lat="36.951105" lon="127.355887"></trkpt>
      <trkpt lat="36.951760" lon="127.355101"></trkpt>
      <trkpt lat="36.951774" lon="127.354792"></trkpt>
      <trkpt lat="36.951976" lon="127.354446"></trkpt>
      <trkpt lat="36.952501" lon="127.353946"></trkpt>
      <trkpt lat="36.952575" lon="127.353208"></trkpt>
      <trkpt lat="36.952434" lon="127.352570"></trkpt>
      <trkpt lat="36.952703" lon="127.351301"></trkpt>
      <trkpt lat="36.952562" lon="127.350398"></trkpt>
      <trkpt lat="36.952645" lon="127.349688"></trkpt>
      <trkpt lat="36.951805" lon="127.349118"></trkpt>
      <trkpt lat="36.951402" lon="127.348281"></trkpt>
      <trkpt lat="36.950960" lon="127.348021"></trkpt>
      <trkpt lat="36.950540" lon="127.347551"></trkpt>
      <trkpt lat="36.950179" lon="127.346885"></trkpt>
      <trkpt lat="36.949945" lon="127.346880"></trkpt>
      <trkpt lat="36.949837" lon="127.345976"></trkpt>
      <trkpt lat="36.949411" lon="127.345574"></trkpt>
      <trkpt lat="36.949280" lon="127.345074"></trkpt>
      <trkpt lat="36.948417" lon="127.344318"></trkpt>
      <trkpt lat="36.948199" lon="127.343701"></trkpt>
      <trkpt lat="36.947802" lon="127.343469"></trkpt>
      <trkpt lat="36.947421" lon="127.343674"></trkpt>
      <trkpt lat="36.946903" lon="127.343397"></trkpt>
      <trkpt lat="36.946461" lon="127.342686"></trkpt>
      <trkpt lat="36.946071" lon="127.343061"></trkpt>
      <trkpt lat="36.945285" lon="127.343127"></trkpt>
      <trkpt lat="36.944900" lon="127.343440"></trkpt>
      <trkpt lat="36.944006" lon="127.343414"></trkpt>
      <trkpt lat="36.943807" lon="127.343029"></trkpt>
      <trkpt lat="36.943158" lon="127.342353"></trkpt>
      <trkpt lat="36.943289" lon="127.341837"></trkpt>
      <trkpt lat="36.943183" lon="127.340929"></trkpt>
      <trkpt lat="36.943357" lon="127.340683"></trkpt>
      <trkpt lat="36.943187" lon="127.340071"></trkpt>
      <trkpt lat="36.943221" lon="127.339058"></trkpt>
      <trkpt lat="36.942150" lon="127.337707"></trkpt>
      <trkpt lat="36.941674" lon="127.337266"></trkpt>
      <trkpt lat="36.941391" lon="127.337332"></trkpt>
      <trkpt lat="36.941415" lon="127.336982"></trkpt>
      <trkpt lat="36.941223" lon="127.336890"></trkpt>
      <trkpt lat="36.941412" lon="127.336326"></trkpt>
      <trkpt lat="36.941391" lon="127.335787"></trkpt>
      <trkpt lat="36.941086" lon="127.335391"></trkpt>
      <trkpt lat="36.940645" lon="127.334225"></trkpt>
      <trkpt lat="36.940354" lon="127.333772"></trkpt>
      <trkpt lat="36.940281" lon="127.333306"></trkpt>
      <trkpt lat="36.940002" lon="127.332842"></trkpt>
      <trkpt lat="36.940203" lon="127.332477"></trkpt>
      <trkpt lat="36.939899" lon="127.332570"></trkpt>
      <trkpt lat="36.939566" lon="127.332001"></trkpt>
      <trkpt lat="36.939116" lon="127.332009"></trkpt>
      <trkpt lat="36.938727" lon="127.331498"></trkpt>
      <trkpt lat="36.938060" lon="127.331166"></trkpt>
      <trkpt lat="36.937678" lon="127.330644"></trkpt>
      <trkpt lat="36.937632" lon="127.330218"></trkpt>
      <trkpt lat="36.937230" lon="127.329167"></trkpt>
      <trkpt lat="36.936857" lon="127.328570"></trkpt>
      <trkpt lat="36.936839" lon="127.327762"></trkpt>
      <trkpt lat="36.936462" lon="127.327300"></trkpt>
      <trkpt lat="36.935997" lon="127.327050"></trkpt>
      <trkpt lat="36.936064" lon="127.325386"></trkpt>
      <trkpt lat="36.935954" lon="127.324601"></trkpt>
      <trkpt lat="36.936455" lon="127.323377"></trkpt>
      <trkpt lat="36.936458" lon="127.322869"></trkpt>
      <trkpt lat="36.936282" lon="127.322298"></trkpt>
      <trkpt lat="36.936352" lon="127.322069"></trkpt>
      <trkpt lat="36.936000" lon="127.321972"></trkpt>
      <trkpt lat="36.935622" lon="127.321598"></trkpt>
      <trkpt lat="36.935360" lon="127.320451"></trkpt>
      <trkpt lat="36.934886" lon="127.320167"></trkpt>
      <trkpt lat="36.934696" lon="127.319564"></trkpt>
      <trkpt lat="36.934790" lon="127.319200"></trkpt>
      <trkpt lat="36.934702" lon="127.319059"></trkpt>
      <trkpt lat="36.934717" lon="127.318357"></trkpt>
      <trkpt lat="36.934518" lon="127.318145"></trkpt>
      <trkpt lat="36.934539" lon="127.317149"></trkpt>
      <trkpt lat="36.934417" lon="127.316552"></trkpt>
      <trkpt lat="36.934011" lon="127.315826"></trkpt>
      <trkpt lat="36.933476" lon="127.315295"></trkpt>
      <trkpt lat="36.933299" lon="127.315400"></trkpt>
      <trkpt lat="36.932415" lon="127.314944"></trkpt>
      <trkpt lat="36.931706" lon="127.315080"></trkpt>
      <trkpt lat="36.931187" lon="127.314803"></trkpt>
      <trkpt lat="36.931137" lon="127.314316"></trkpt>
      <trkpt lat="36.931277" lon="127.313427"></trkpt>
      <trkpt lat="36.930993" lon="127.312805"></trkpt>
      <trkpt lat="36.930677" lon="127.312439"></trkpt>
      <trkpt lat="36.930483" lon="127.311572"></trkpt>
      <trkpt lat="36.929894" lon="127.310833"></trkpt>
      <trkpt lat="36.929725" lon="127.310256"></trkpt>
      <trkpt lat="36.929780" lon="127.309856"></trkpt>
      <trkpt lat="36.929173" lon="127.309191"></trkpt>
      <trkpt lat="36.929456" lon="127.308606"></trkpt>
      <trkpt lat="36.929436" lon="127.308057"></trkpt>
      <trkpt lat="36.929615" lon="127.307343"></trkpt>
      <trkpt lat="36.929261" lon="127.306000"></trkpt>
      <trkpt lat="36.929386" lon="127.305065"></trkpt>
      <trkpt lat="36.929751" lon="127.304112"></trkpt>
      <trkpt lat="36.929508" lon="127.302793"></trkpt>
      <trkpt lat="36.929536" lon="127.302280"></trkpt>
      <trkpt lat="36.929356" lon="127.301679"></trkpt>
      <trkpt lat="36.929512" lon="127.301223"></trkpt>
      <trkpt lat="36.929438" lon="127.300650"></trkpt>
      <trkpt lat="36.929260" lon="127.300272"></trkpt>
      <trkpt lat="36.929491" lon="127.299842"></trkpt>
      <trkpt lat="36.929529" lon="127.299301"></trkpt>
      <trkpt lat="36.929874" lon="127.298256"></trkpt>
      <trkpt lat="36.929824" lon="127.297435"></trkpt>
      <trkpt lat="36.929957" lon="127.296563"></trkpt>
      <trkpt lat="36.929676" lon="127.296452"></trkpt>
      <trkpt lat="36.929197" lon="127.295874"></trkpt>
      <trkpt lat="36.929053" lon="127.296092"></trkpt>
      <trkpt lat="36.928172" lon="127.296033"></trkpt>
      <trkpt lat="36.928158" lon="127.296220"></trkpt>
      <trkpt lat="36.927743" lon="127.296378"></trkpt>
      <trkpt lat="36.927369" lon="127.296309"></trkpt>
      <trkpt lat="36.927018" lon="127.296823"></trkpt>
      <trkpt lat="36.926569" lon="127.297122"></trkpt>
      <trkpt lat="36.925334" lon="127.297526"></trkpt>
      <trkpt lat="36.925054" lon="127.298050"></trkpt>
      <trkpt lat="36.924451" lon="127.298489"></trkpt>
      <trkpt lat="36.923490" lon="127.298732"></trkpt>
      <trkpt lat="36.923091" lon="127.299035"></trkpt>
      <trkpt lat="36.922900" lon="127.298933"></trkpt>
      <trkpt lat="36.922361" lon="127.299308"></trkpt>
      <trkpt lat="36.921937" lon="127.299360"></trkpt>
      <trkpt lat="36.921862" lon="127.299222"></trkpt>
      <trkpt lat="36.921566" lon="127.299177"></trkpt>
      <trkpt lat="36.921415" lon="127.299409"></trkpt>
      <trkpt lat="36.921103" lon="127.299550"></trkpt>
      <trkpt lat="36.920422" lon="127.300521"></trkpt>
      <trkpt lat="36.919935" lon="127.300729"></trkpt>
      <trkpt lat="36.919698" lon="127.301031"></trkpt>
      <trkpt lat="36.918811" lon="127.301618"></trkpt>
      <trkpt lat="36.918259" lon="127.301391"></trkpt>
      <trkpt lat="36.917791" lon="127.301446"></trkpt>
      <trkpt lat="36.917406" lon="127.302146"></trkpt>
      <trkpt lat="36.916707" lon="127.302881"></trkpt>
      <trkpt lat="36.915807" lon="127.303328"></trkpt>
      <trkpt lat="36.915654" lon="127.303793"></trkpt>
      <trkpt lat="36.915280" lon="127.304019"></trkpt>
      <trkpt lat="36.914967" lon="127.303930"></trkpt>
      <trkpt lat="36.914843" lon="127.303710"></trkpt>
      <trkpt lat="36.914064" lon="127.303628"></trkpt>
      <trkpt lat="36.913412" lon="127.303298"></trkpt>
      <trkpt lat="36.913050" lon="127.302857"></trkpt>
      <trkpt lat="36.912396" lon="127.302525"></trkpt>
      <trkpt lat="36.912014" lon="127.302021"></trkpt>
      <trkpt lat="36.911517" lon="127.302412"></trkpt>
      <trkpt lat="36.910991" lon="127.302371"></trkpt>
      <trkpt lat="36.909993" lon="127.301285"></trkpt>
      <trkpt lat="36.909217" lon="127.300978"></trkpt>
      <trkpt lat="36.909085" lon="127.300656"></trkpt>
      <trkpt lat="36.908723" lon="127.300452"></trkpt>
      <trkpt lat="36.908546" lon="127.300026"></trkpt>
      <trkpt lat="36.908148" lon="127.299705"></trkpt>
      <trkpt lat="36.907558" lon="127.300047"></trkpt>
      <trkpt lat="36.907098" lon="127.300036"></trkpt>
      <trkpt lat="36.906611" lon="127.299442"></trkpt>
      <trkpt lat="36.905798" lon="127.298820"></trkpt>
      <trkpt lat="36.905405" lon="127.297818"></trkpt>
      <trkpt lat="36.904505" lon="127.297629"></trkpt>
      <trkpt lat="36.903935" lon="127.297970"></trkpt>
      <trkpt lat="36.903430" lon="127.297986"></trkpt>
      <trkpt lat="36.902918" lon="127.297787"></trkpt>
      <trkpt lat="36.902339" lon="127.296953"></trkpt>
      <trkpt lat="36.901862" lon="127.296846"></trkpt>
      <trkpt lat="36.901589" lon="127.296632"></trkpt>
      <trkpt lat="36.900463" lon="127.294648"></trkpt>
      <trkpt lat="36.899895" lon="127.294531"></trkpt>
      <trkpt lat="36.899136" lon="127.293998"></trkpt>
      <trkpt lat="36.898824" lon="127.293361"></trkpt>
      <trkpt lat="36.897670" lon="127.292257"></trkpt>
      <trkpt lat="36.897106" lon="127.290939"></trkpt>
      <trkpt lat="36.896586" lon="127.290468"></trkpt>
      <trkpt lat="36.895881" lon="127.290420"></trkpt>
      <trkpt lat="36.895653" lon="127.290173"></trkpt>
      <trkpt lat="36.895105" lon="127.289986"></trkpt>
      <trkpt lat="36.894767" lon="127.289712"></trkpt>
      <trkpt lat="36.894348" lon="127.289694"></trkpt>
      <trkpt lat="36.894102" lon="127.289288"></trkpt>
      <trkpt lat="36.893835" lon="127.289633"></trkpt>
      <trkpt lat="36.894252" lon="127.290501"></trkpt>
      <trkpt lat="36.893322" lon="127.290201"></trkpt>
      <trkpt lat="36.892111" lon="127.290634"></trkpt>
      <trkpt lat="36.889449" lon="127.287490"></trkpt>
      <trkpt lat="36.889249" lon="127.286863"></trkpt>
      <trkpt lat="36.889285" lon="127.286554"></trkpt>
      <trkpt lat="36.888919" lon="127.286275"></trkpt>
      <trkpt lat="36.888631" lon="127.285548"></trkpt>
      <trkpt lat="36.888412" lon="127.284515"></trkpt>
      <trkpt lat="36.888774" lon="127.283389"></trkpt>
      <trkpt lat="36.888699" lon="127.283100"></trkpt>
      <trkpt lat="36.888115" lon="127.282480"></trkpt>
      <trkpt lat="36.887816" lon="127.281394"></trkpt>
      <trkpt lat="36.887951" lon="127.281088"></trkpt>
      <trkpt lat="36.888187" lon="127.281075"></trkpt>
      <trkpt lat="36.888534" lon="127.280791"></trkpt>
      <trkpt lat="36.889009" lon="127.279899"></trkpt>
      <trkpt lat="36.889291" lon="127.279625"></trkpt>
      <trkpt lat="36.889269" lon="127.279428"></trkpt>
      <trkpt lat="36.889547" lon="127.279004"></trkpt>
      <trkpt lat="36.889616" lon="127.278132"></trkpt>
      <trkpt lat="36.889004" lon="127.276989"></trkpt>
      <trkpt lat="36.888826" lon="127.276150"></trkpt>
      <trkpt lat="36.888472" lon="127.275492"></trkpt>
      <trkpt lat="36.888451" lon="127.275092"></trkpt>
      <trkpt lat="36.888138" lon="127.274964"></trkpt>
      <trkpt lat="36.887985" lon="127.274661"></trkpt>
      <trkpt lat="36.887612" lon="127.274592"></trkpt>
      <trkpt lat="36.887275" lon="127.274342"></trkpt>
      <trkpt lat="36.886833" lon="127.273596"></trkpt>
      <trkpt lat="36.886743" lon="127.272893"></trkpt>
      <trkpt lat="36.886451" lon="127.272460"></trkpt>
      <trkpt lat="36.884263" lon="127.271946"></trkpt>
      <trkpt lat="36.883976" lon="127.271684"></trkpt>
      <trkpt lat="36.883609" lon="127.271631"></trkpt>
      <trkpt lat="36.883524" lon="127.271467"></trkpt>
      <trkpt lat="36.882736" lon="127.271489"></trkpt>
      <trkpt lat="36.882051" lon="127.271242"></trkpt>
      <trkpt lat="36.882448" lon="127.269415"></trkpt>
      <trkpt lat="36.882408" lon="127.268624"></trkpt>
      <trkpt lat="36.882931" lon="127.267441"></trkpt>
      <trkpt lat="36.882804" lon="127.266631"></trkpt>
      <trkpt lat="36.882940" lon="127.265899"></trkpt>
      <trkpt lat="36.882557" lon="127.265169"></trkpt>
      <trkpt lat="36.882508" lon="127.264714"></trkpt>
      <trkpt lat="36.882264" lon="127.264179"></trkpt>
      <trkpt lat="36.881968" lon="127.263961"></trkpt>
      <trkpt lat="36.881787" lon="127.263613"></trkpt>
      <trkpt lat="36.881586" lon="127.262222"></trkpt>
      <trkpt lat="36.881461" lon="127.262023"></trkpt>
      <trkpt lat="36.880921" lon="127.261669"></trkpt>
      <trkpt lat="36.880473" lon="127.261030"></trkpt>
      <trkpt lat="36.879430" lon="127.260789"></trkpt>
      <trkpt lat="36.878565" lon="127.260015"></trkpt>
      <trkpt lat="36.878526" lon="127.259354"></trkpt>
      <trkpt lat="36.878272" lon="127.258410"></trkpt>
      <trkpt lat="36.878427" lon="127.256856"></trkpt>
      <trkpt lat="36.879150" lon="127.255590"></trkpt>
      <trkpt lat="36.879069" lon="127.254947"></trkpt>
      <trkpt lat="36.879269" lon="127.254639"></trkpt>
      <trkpt lat="36.879643" lon="127.254470"></trkpt>
      <trkpt lat="36.879367" lon="127.254145"></trkpt>
      <trkpt lat="36.878985" lon="127.253295"></trkpt>
      <trkpt lat="36.878806" lon="127.252191"></trkpt>
      <trkpt lat="36.878496" lon="127.251941"></trkpt>
      <trkpt lat="36.877812" lon="127.250681"></trkpt>
      <trkpt lat="36.877362" lon="127.250708"></trkpt>
      <trkpt lat="36.876875" lon="127.250350"></trkpt>
      <trkpt lat="36.876749" lon="127.250091"></trkpt>
      <trkpt lat="36.876289" lon="127.249958"></trkpt>
      <trkpt lat="36.876123" lon="127.249664"></trkpt>
      <trkpt lat="36.875443" lon="127.249127"></trkpt>
      <trkpt lat="36.874257" lon="127.249040"></trkpt>
      <trkpt lat="36.873450" lon="127.248771"></trkpt>
      <trkpt lat="36.872732" lon="127.248907"></trkpt>
      <trkpt lat="36.872054" lon="127.248791"></trkpt>
      <trkpt lat="36.871310" lon="127.249162"></trkpt>
      <trkpt lat="36.870974" lon="127.248597"></trkpt>
      <trkpt lat="36.870933" lon="127.247830"></trkpt>
      <trkpt lat="36.870710" lon="127.247305"></trkpt>
      <trkpt lat="36.870727" lon="127.247025"></trkpt>
      <trkpt lat="36.870262" lon="127.246795"></trkpt>
      <trkpt lat="36.870175" lon="127.246626"></trkpt>
      <trkpt lat="36.870061" lon="127.245791"></trkpt>
      <trkpt lat="36.870170" lon="127.245374"></trkpt>
      <trkpt lat="36.870067" lon="127.245256"></trkpt>
      <trkpt lat="36.869968" lon="127.244507"></trkpt>
      <trkpt lat="36.869481" lon="127.243806"></trkpt>
      <trkpt lat="36.869346" lon="127.242991"></trkpt>
      <trkpt lat="36.869183" lon="127.242984"></trkpt>
      <trkpt lat="36.868583" lon="127.241903"></trkpt>
      <trkpt lat="36.868042" lon="127.240499"></trkpt>
      <trkpt lat="36.867527" lon="127.239829"></trkpt>
      <trkpt lat="36.867249" lon="127.239015"></trkpt>
      <trkpt lat="36.867255" lon="127.238486"></trkpt>
      <trkpt lat="36.866948" lon="127.237979"></trkpt>
      <trkpt lat="36.866852" lon="127.237495"></trkpt>
      <trkpt lat="36.866366" lon="127.236872"></trkpt>
      <trkpt lat="36.865827" lon="127.236652"></trkpt>
      <trkpt lat="36.865817" lon="127.236119"></trkpt>
      <trkpt lat="36.866197" lon="127.235161"></trkpt>
      <trkpt lat="36.866241" lon="127.234554"></trkpt>
      <trkpt lat="36.866173" lon="127.234326"></trkpt>
      <trkpt lat="36.865812" lon="127.234326"></trkpt>
      <trkpt lat="36.865694" lon="127.234188"></trkpt>
      <trkpt lat="36.865691" lon="127.233311"></trkpt>
      <trkpt lat="36.863390" lon="127.231931"></trkpt>
      <trkpt lat="36.862716" lon="127.231753"></trkpt>
      <trkpt lat="36.861532" lon="127.230865"></trkpt>
      <trkpt lat="36.860836" lon="127.230849"></trkpt>
      <trkpt lat="36.859773" lon="127.230486"></trkpt>
      <trkpt lat="36.859328" lon="127.230426"></trkpt>
      <trkpt lat="36.859146" lon="127.230555"></trkpt>
      <trkpt lat="36.858894" lon="127.231344"></trkpt>
      <trkpt lat="36.858899" lon="127.232054"></trkpt>
      <trkpt lat="36.858385" lon="127.232183"></trkpt>
      <trkpt lat="36.858141" lon="127.232009"></trkpt>
      <trkpt lat="36.856761" lon="127.229945"></trkpt>
      <trkpt lat="36.855995" lon="127.229329"></trkpt>
      <trkpt lat="36.855731" lon="127.229265"></trkpt>
      <trkpt lat="36.855274" lon="127.229761"></trkpt>
      <trkpt lat="36.854750" lon="127.229884"></trkpt>
      <trkpt lat="36.854473" lon="127.229683"></trkpt>
      <trkpt lat="36.854278" lon="127.229233"></trkpt>
      <trkpt lat="36.853567" lon="127.228771"></trkpt>
      <trkpt lat="36.853235" lon="127.228197"></trkpt>
      <trkpt lat="36.852766" lon="127.228110"></trkpt>
      <trkpt lat="36.852553" lon="127.228454"></trkpt>
      <trkpt lat="36.851827" lon="127.228501"></trkpt>
      <trkpt lat="36.851711" lon="127.228168"></trkpt>
      <trkpt lat="36.851362" lon="127.228168"></trkpt>
      <trkpt lat="36.851003" lon="127.227650"></trkpt>
      <trkpt lat="36.850566" lon="127.227724"></trkpt>
      <trkpt lat="36.850348" lon="127.227110"></trkpt>
      <trkpt lat="36.849898" lon="127.226796"></trkpt>
      <trkpt lat="36.849500" lon="127.225817"></trkpt>
      <trkpt lat="36.849396" lon="127.225178"></trkpt>
      <trkpt lat="36.849603" lon="127.224584"></trkpt>
      <trkpt lat="36.849542" lon="127.224231"></trkpt>
      <trkpt lat="36.849165" lon="127.224035"></trkpt>
      <trkpt lat="36.848764" lon="127.222982"></trkpt>
      <trkpt lat="36.849103" lon="127.222357"></trkpt>
      <trkpt lat="36.849165" lon="127.222008"></trkpt>
      <trkpt lat="36.849046" lon="127.221945"></trkpt>
      <trkpt lat="36.849219" lon="127.220852"></trkpt>
      <trkpt lat="36.849148" lon="127.220216"></trkpt>
      <trkpt lat="36.848963" lon="127.219831"></trkpt>
      <trkpt lat="36.849047" lon="127.219691"></trkpt>
      <trkpt lat="36.848966" lon="127.219389"></trkpt>
      <trkpt lat="36.848518" lon="127.218774"></trkpt>
      <trkpt lat="36.848760" lon="127.216870"></trkpt>
      <trkpt lat="36.848462" lon="127.216232"></trkpt>
      <trkpt lat="36.848309" lon="127.215316"></trkpt>
      <trkpt lat="36.848092" lon="127.214965"></trkpt>
      <trkpt lat="36.847927" lon="127.214171"></trkpt>
      <trkpt lat="36.847395" lon="127.213351"></trkpt>
      <trkpt lat="36.847397" lon="127.212848"></trkpt>
      <trkpt lat="36.846670" lon="127.212133"></trkpt>
      <trkpt lat="36.846373" lon="127.211565"></trkpt>
      <trkpt lat="36.845989" lon="127.211384"></trkpt>
      <trkpt lat="36.845184" lon="127.211649"></trkpt>
      <trkpt lat="36.844884" lon="127.211449"></trkpt>
      <trkpt lat="36.844704" lon="127.210939"></trkpt>
      <trkpt lat="36.844015" lon="127.210035"></trkpt>
      <trkpt lat="36.843737" lon="127.209297"></trkpt>
      <trkpt lat="36.843745" lon="127.208991"></trkpt>
      <trkpt lat="36.843159" lon="127.208438"></trkpt>
      <trkpt lat="36.842826" lon="127.207837"></trkpt>
      <trkpt lat="36.842078" lon="127.207602"></trkpt>
      <trkpt lat="36.841870" lon="127.206515"></trkpt>
      <trkpt lat="36.841477" lon="127.206101"></trkpt>
      <trkpt lat="36.840632" lon="127.205755"></trkpt>
      <trkpt lat="36.840464" lon="127.204982"></trkpt>
      <trkpt lat="36.839540" lon="127.203959"></trkpt>
      <trkpt lat="36.839400" lon="127.203377"></trkpt>
      <trkpt lat="36.839443" lon="127.202669"></trkpt>
      <trkpt lat="36.839264" lon="127.202151"></trkpt>
      <trkpt lat="36.838301" lon="127.202703"></trkpt>
      <trkpt lat="36.836985" lon="127.203108"></trkpt>
      <trkpt lat="36.835949" lon="127.202863"></trkpt>
      <trkpt lat="36.835609" lon="127.202990"></trkpt>
      <trkpt lat="36.835186" lon="127.202790"></trkpt>
      <trkpt lat="36.833001" lon="127.202673"></trkpt>
      <trkpt lat="36.831729" lon="127.201781"></trkpt>
      <trkpt lat="36.830509" lon="127.201915"></trkpt>
      <trkpt lat="36.830086" lon="127.201829"></trkpt>
      <trkpt lat="36.829511" lon="127.202344"></trkpt>
      <trkpt lat="36.829344" lon="127.202840"></trkpt>
      <trkpt lat="36.828916" lon="127.203215"></trkpt>
      <trkpt lat="36.828853" lon="127.203593"></trkpt>
      <trkpt lat="36.828589" lon="127.203569"></trkpt>
      <trkpt lat="36.828432" lon="127.203748"></trkpt>
      <trkpt lat="36.827565" lon="127.204087"></trkpt>
      <trkpt lat="36.827049" lon="127.203981"></trkpt>
      <trkpt lat="36.826080" lon="127.204555"></trkpt>
      <trkpt lat="36.825103" lon="127.204080"></trkpt>
      <trkpt lat="36.824508" lon="127.203296"></trkpt>
      <trkpt lat="36.823658" lon="127.203754"></trkpt>
      <trkpt lat="36.822974" lon="127.203680"></trkpt>
      <trkpt lat="36.821649" lon="127.204006"></trkpt>
      <trkpt lat="36.821118" lon="127.203884"></trkpt>
      <trkpt lat="36.820782" lon="127.203482"></trkpt>
      <trkpt lat="36.820325" lon="127.203425"></trkpt>
      <trkpt lat="36.819850" lon="127.203167"></trkpt>
      <trkpt lat="36.819193" lon="127.203769"></trkpt>
      <trkpt lat="36.818577" lon="127.203850"></trkpt>
      <trkpt lat="36.817789" lon="127.203501"></trkpt>
      <trkpt lat="36.817493" lon="127.202975"></trkpt>
      <trkpt lat="36.816973" lon="127.202553"></trkpt>
      <trkpt lat="36.816311" lon="127.202414"></trkpt>
      <trkpt lat="36.816003" lon="127.202072"></trkpt>
      <trkpt lat="36.815762" lon="127.201477"></trkpt>
      <trkpt lat="36.814937" lon="127.200817"></trkpt>
      <trkpt lat="36.814655" lon="127.200185"></trkpt>
      <trkpt lat="36.813168" lon="127.200502"></trkpt>
      <trkpt lat="36.812667" lon="127.200113"></trkpt>
      <trkpt lat="36.811621" lon="127.199961"></trkpt>
      <trkpt lat="36.811204" lon="127.199789"></trkpt>
      <trkpt lat="36.810951" lon="127.199514"></trkpt>
      <trkpt lat="36.810395" lon="127.199735"></trkpt>
      <trkpt lat="36.809523" lon="127.199213"></trkpt>
      <trkpt lat="36.808999" lon="127.198520"></trkpt>
      <trkpt lat="36.808724" lon="127.197914"></trkpt>
      <trkpt lat="36.808723" lon="127.197264"></trkpt>
      <trkpt lat="36.809076" lon="127.196343"></trkpt>
      <trkpt lat="36.808635" lon="127.195656"></trkpt>
      <trkpt lat="36.808506" lon="127.194748"></trkpt>
      <trkpt lat="36.808072" lon="127.194350"></trkpt>
      <trkpt lat="36.807582" lon="127.193633"></trkpt>
      <trkpt lat="36.806907" lon="127.193484"></trkpt>
      <trkpt lat="36.806644" lon="127.193175"></trkpt>
      <trkpt lat="36.805511" lon="127.192463"></trkpt>
      <trkpt lat="36.805138" lon="127.191691"></trkpt>
      <trkpt lat="36.804598" lon="127.191405"></trkpt>
      <trkpt lat="36.803575" lon="127.191357"></trkpt>
      <trkpt lat="36.803644" lon="127.190886"></trkpt>
      <trkpt lat="36.803210" lon="127.190048"></trkpt>
      <trkpt lat="36.802504" lon="127.189162"></trkpt>
      <trkpt lat="36.802550" lon="127.188836"></trkpt>
      <trkpt lat="36.802233" lon="127.188221"></trkpt>
      <trkpt lat="36.802154" lon="127.187900"></trkpt>
      <trkpt lat="36.802477" lon="127.187457"></trkpt>
      <trkpt lat="36.802406" lon="127.186684"></trkpt>
      <trkpt lat="36.802524" lon="127.186077"></trkpt>
      <trkpt lat="36.802312" lon="127.185746"></trkpt>
      <trkpt lat="36.802141" lon="127.185101"></trkpt>
      <trkpt lat="36.801989" lon="127.184963"></trkpt>
      <trkpt lat="36.801617" lon="127.185340"></trkpt>
      <trkpt lat="36.800379" lon="127.185698"></trkpt>
      <trkpt lat="36.799897" lon="127.185545"></trkpt>
      <trkpt lat="36.799400" lon="127.185603"></trkpt>
      <trkpt lat="36.799270" lon="127.186079"></trkpt>
      <trkpt lat="36.798972" lon="127.186296"></trkpt>
      <trkpt lat="36.797994" lon="127.186098"></trkpt>
      <trkpt lat="36.797435" lon="127.186453"></trkpt>
      <trkpt lat="36.797078" lon="127.185639"></trkpt>
      <trkpt lat="36.796531" lon="127.185581"></trkpt>
      <trkpt lat="36.796064" lon="127.185314"></trkpt>
      <trkpt lat="36.795547" lon="127.185340"></trkpt>
      <trkpt lat="36.795189" lon="127.184732"></trkpt>
      <trkpt lat="36.794200" lon="127.184060"></trkpt>
      <trkpt lat="36.793332" lon="127.184132"></trkpt>
      <trkpt lat="36.792972" lon="127.184454"></trkpt>
      <trkpt lat="36.792698" lon="127.184888"></trkpt>
      <trkpt lat="36.792781" lon="127.185564"></trkpt>
      <trkpt lat="36.792344" lon="127.186242"></trkpt>
      <trkpt lat="36.792073" lon="127.186987"></trkpt>
      <trkpt lat="36.791299" lon="127.187567"></trkpt>
      <trkpt lat="36.790477" lon="127.187749"></trkpt>
      <trkpt lat="36.789682" lon="127.187422"></trkpt>
      <trkpt lat="36.788978" lon="127.187589"></trkpt>
      <trkpt lat="36.788415" lon="127.187130"></trkpt>
      <trkpt lat="36.787985" lon="127.187087"></trkpt>
      <trkpt lat="36.786988" lon="127.186583"></trkpt>
      <trkpt lat="36.785635" lon="127.186559"></trkpt>
      <trkpt lat="36.784428" lon="127.185958"></trkpt>
      <trkpt lat="36.783796" lon="127.185850"></trkpt>
      <trkpt lat="36.783356" lon="127.185542"></trkpt>
      <trkpt lat="36.782137" lon="127.185622"></trkpt>
      <trkpt lat="36.781543" lon="127.186020"></trkpt>
      <trkpt lat="36.780991" lon="127.186097"></trkpt>
      <trkpt lat="36.780482" lon="127.186510"></trkpt>
      <trkpt lat="36.779377" lon="127.186626"></trkpt>
      <trkpt lat="36.778920" lon="127.187770"></trkpt>
      <trkpt lat="36.777987" lon="127.188348"></trkpt>
      <trkpt lat="36.777698" lon="127.188687"></trkpt>
      <trkpt lat="36.777211" lon="127.188899"></trkpt>
      <trkpt lat="36.776697" lon="127.189398"></trkpt>
      <trkpt lat="36.776795" lon="127.189896"></trkpt>
      <trkpt lat="36.776647" lon="127.190299"></trkpt>
      <trkpt lat="36.776413" lon="127.190495"></trkpt>
      <trkpt lat="36.776337" lon="127.190798"></trkpt>
      <trkpt lat="36.775878" lon="127.191474"></trkpt>
      <trkpt lat="36.775354" lon="127.191781"></trkpt>
      <trkpt lat="36.775208" lon="127.192193"></trkpt>
      <trkpt lat="36.775025" lon="127.192202"></trkpt>
      <trkpt lat="36.774759" lon="127.192490"></trkpt>
      <trkpt lat="36.774400" lon="127.192449"></trkpt>
      <trkpt lat="36.773632" lon="127.192660"></trkpt>
      <trkpt lat="36.773179" lon="127.192063"></trkpt>
      <trkpt lat="36.772475" lon="127.191995"></trkpt>
      <trkpt lat="36.771964" lon="127.192461"></trkpt>
      <trkpt lat="36.771196" lon="127.192800"></trkpt>
      <trkpt lat="36.770997" lon="127.193594"></trkpt>
      <trkpt lat="36.770670" lon="127.194012"></trkpt>
      <trkpt lat="36.769999" lon="127.193766"></trkpt>
      <trkpt lat="36.769492" lon="127.193959"></trkpt>
      <trkpt lat="36.769219" lon="127.194514"></trkpt>
      <trkpt lat="36.768794" lon="127.194895"></trkpt>
      <trkpt lat="36.768374" lon="127.194988"></trkpt>
      <trkpt lat="36.768216" lon="127.195220"></trkpt>
      <trkpt lat="36.767944" lon="127.195131"></trkpt>
      <trkpt lat="36.767737" lon="127.194664"></trkpt>
      <trkpt lat="36.767215" lon="127.194605"></trkpt>
      <trkpt lat="36.767480" lon="127.193290"></trkpt>
      <trkpt lat="36.767744" lon="127.192988"></trkpt>
      <trkpt lat="36.767876" lon="127.192485"></trkpt>
      <trkpt lat="36.768188" lon="127.190483"></trkpt>
      <trkpt lat="36.768319" lon="127.188668"></trkpt>
      <trkpt lat="36.768115" lon="127.188627"></trkpt>
      <trkpt lat="36.768278" lon="127.186036"></trkpt>
      <trkpt lat="36.768238" lon="127.185795"></trkpt>
      <trkpt lat="36.766960" lon="127.184416"></trkpt>
      <trkpt lat="36.766704" lon="127.186394"></trkpt>
      <trkpt lat="36.766608" lon="127.190118"></trkpt>
      <trkpt lat="36.766426" lon="127.190866"></trkpt>
      <trkpt lat="36.766011" lon="127.191102"></trkpt>
      <trkpt lat="36.766032" lon="127.191415"></trkpt>
      <trkpt lat="36.766252" lon="127.191579"></trkpt>
      <trkpt lat="36.766288" lon="127.191816"></trkpt>
      <trkpt lat="36.766111" lon="127.192355"></trkpt>
      <trkpt lat="36.766113" lon="127.192844"></trkpt>
      <trkpt lat="36.765702" lon="127.193998"></trkpt>
      <trkpt lat="36.765082" lon="127.194153"></trkpt>
      <trkpt lat="36.764819" lon="127.194435"></trkpt>
      <trkpt lat="36.764767" lon="127.194719"></trkpt>
      <trkpt lat="36.764913" lon="127.195334"></trkpt>
      <trkpt lat="36.764073" lon="127.195887"></trkpt>
      <trkpt lat="36.763910" lon="127.196732"></trkpt>
      <trkpt lat="36.763596" lon="127.197297"></trkpt>
      <trkpt lat="36.762762" lon="127.197559"></trkpt>
      <trkpt lat="36.761601" lon="127.197052"></trkpt>
      <trkpt lat="36.761060" lon="127.197431"></trkpt>
      <trkpt lat="36.760748" lon="127.197431"></trkpt>
      <trkpt lat="36.760457" lon="127.197832"></trkpt>
      <trkpt lat="36.760421" lon="127.198676"></trkpt>
      <trkpt lat="36.760182" lon="127.199185"></trkpt>
      <trkpt lat="36.759738" lon="127.199074"></trkpt>
      <trkpt lat="36.759333" lon="127.198781"></trkpt>
      <trkpt lat="36.758492" lon="127.199218"></trkpt>
      <trkpt lat="36.758311" lon="127.199118"></trkpt>
      <trkpt lat="36.758054" lon="127.199258"></trkpt>
      <trkpt lat="36.757767" lon="127.199220"></trkpt>
      <trkpt lat="36.757040" lon="127.198792"></trkpt>
      <trkpt lat="36.756424" lon="127.199012"></trkpt>
      <trkpt lat="36.756048" lon="127.198792"></trkpt>
      <trkpt lat="36.755559" lon="127.198837"></trkpt>
      <trkpt lat="36.754983" lon="127.198030"></trkpt>
      <trkpt lat="36.754798" lon="127.198059"></trkpt>
      <trkpt lat="36.754691" lon="127.198361"></trkpt>
      <trkpt lat="36.754479" lon="127.198508"></trkpt>
      <trkpt lat="36.753675" lon="127.198226"></trkpt>
      <trkpt lat="36.753059" lon="127.198448"></trkpt>
      <trkpt lat="36.752570" lon="127.198983"></trkpt>
      <trkpt lat="36.752291" lon="127.199554"></trkpt>
      <trkpt lat="36.751649" lon="127.200177"></trkpt>
      <trkpt lat="36.751615" lon="127.200497"></trkpt>
      <trkpt lat="36.751309" lon="127.201067"></trkpt>
      <trkpt lat="36.750831" lon="127.200894"></trkpt>
      <trkpt lat="36.750494" lon="127.200487"></trkpt>
      <trkpt lat="36.750399" lon="127.200941"></trkpt>
      <trkpt lat="36.750065" lon="127.201237"></trkpt>
      <trkpt lat="36.749129" lon="127.200958"></trkpt>
      <trkpt lat="36.748680" lon="127.200634"></trkpt>
      <trkpt lat="36.748231" lon="127.200563"></trkpt>
      <trkpt lat="36.747571" lon="127.200198"></trkpt>
      <trkpt lat="36.747384" lon="127.199810"></trkpt>
      <trkpt lat="36.747071" lon="127.199629"></trkpt>
      <trkpt lat="36.746555" lon="127.198660"></trkpt>
      <trkpt lat="36.746179" lon="127.198210"></trkpt>
      <trkpt lat="36.745150" lon="127.198326"></trkpt>
      <trkpt lat="36.744856" lon="127.198731"></trkpt>
      <trkpt lat="36.744582" lon="127.198845"></trkpt>
      <trkpt lat="36.744365" lon="127.198780"></trkpt>
      <trkpt lat="36.744062" lon="127.198971"></trkpt>
      <trkpt lat="36.743914" lon="127.198852"></trkpt>
      <trkpt lat="36.742350" lon="127.199246"></trkpt>
      <trkpt lat="36.741367" lon="127.198694"></trkpt>
      <trkpt lat="36.741200" lon="127.198273"></trkpt>
      <trkpt lat="36.740684" lon="127.198024"></trkpt>
      <trkpt lat="36.740353" lon="127.198183"></trkpt>
      <trkpt lat="36.740211" lon="127.198031"></trkpt>
      <trkpt lat="36.740046" lon="127.198125"></trkpt>
      <trkpt lat="36.739458" lon="127.198010"></trkpt>
      <trkpt lat="36.739007" lon="127.198226"></trkpt>
      <trkpt lat="36.738693" lon="127.198805"></trkpt>
      <trkpt lat="36.737514" lon="127.199015"></trkpt>
      <trkpt lat="36.735825" lon="127.198351"></trkpt>
      <trkpt lat="36.735394" lon="127.198530"></trkpt>
      <trkpt lat="36.734846" lon="127.198399"></trkpt>
      <trkpt lat="36.734596" lon="127.198586"></trkpt>
      <trkpt lat="36.734405" lon="127.198519"></trkpt>
      <trkpt lat="36.733713" lon="127.198779"></trkpt>
      <trkpt lat="36.733607" lon="127.199020"></trkpt>
      <trkpt lat="36.733425" lon="127.199056"></trkpt>
      <trkpt lat="36.732750" lon="127.199709"></trkpt>
      <trkpt lat="36.732495" lon="127.200032"></trkpt>
      <trkpt lat="36.732409" lon="127.200405"></trkpt>
      <trkpt lat="36.730749" lon="127.200785"></trkpt>
      <trkpt lat="36.730153" lon="127.201480"></trkpt>
      <trkpt lat="36.729393" lon="127.201721"></trkpt>
      <trkpt lat="36.728588" lon="127.202407"></trkpt>
      <trkpt lat="36.728494" lon="127.202635"></trkpt>
      <trkpt lat="36.728041" lon="127.202630"></trkpt>
      <trkpt lat="36.727438" lon="127.203065"></trkpt>
      <trkpt lat="36.726898" lon="127.202853"></trkpt>
      <trkpt lat="36.726482" lon="127.203092"></trkpt>
      <trkpt lat="36.726208" lon="127.202622"></trkpt>
      <trkpt lat="36.726259" lon="127.202188"></trkpt>
      <trkpt lat="36.726113" lon="127.201785"></trkpt>
      <trkpt lat="36.726225" lon="127.201244"></trkpt>
      <trkpt lat="36.727275" lon="127.199113"></trkpt>
      <trkpt lat="36.727226" lon="127.198593"></trkpt>
      <trkpt lat="36.727586" lon="127.197571"></trkpt>
      <trkpt lat="36.727492" lon="127.197353"></trkpt>
      <trkpt lat="36.728122" lon="127.196871"></trkpt>
      <trkpt lat="36.728206" lon="127.195874"></trkpt>
      <trkpt lat="36.728550" lon="127.195366"></trkpt>
      <trkpt lat="36.728475" lon="127.195060"></trkpt>
      <trkpt lat="36.727948" lon="127.194321"></trkpt>
      <trkpt lat="36.728834" lon="127.192944"></trkpt>
      <trkpt lat="36.728830" lon="127.192486"></trkpt>
      <trkpt lat="36.728570" lon="127.191819"></trkpt>
      <trkpt lat="36.728831" lon="127.190770"></trkpt>
      <trkpt lat="36.728451" lon="127.189894"></trkpt>
      <trkpt lat="36.728299" lon="127.189779"></trkpt>
      <trkpt lat="36.727750" lon="127.189803"></trkpt>
      <trkpt lat="36.726624" lon="127.189090"></trkpt>
      <trkpt lat="36.725702" lon="127.189509"></trkpt>
      <trkpt lat="36.725060" lon="127.189336"></trkpt>
      <trkpt lat="36.724387" lon="127.190050"></trkpt>
      <trkpt lat="36.723507" lon="127.190436"></trkpt>
      <trkpt lat="36.723109" lon="127.190052"></trkpt>
      <trkpt lat="36.722883" lon="127.189612"></trkpt>
      <trkpt lat="36.721986" lon="127.189114"></trkpt>
      <trkpt lat="36.721686" lon="127.188400"></trkpt>
      <trkpt lat="36.721300" lon="127.188027"></trkpt>
      <trkpt lat="36.721131" lon="127.187341"></trkpt>
      <trkpt lat="36.720610" lon="127.187280"></trkpt>
      <trkpt lat="36.720431" lon="127.187595"></trkpt>
      <trkpt lat="36.720416" lon="127.188036"></trkpt>
      <trkpt lat="36.720081" lon="127.188479"></trkpt>
      <trkpt lat="36.719828" lon="127.187966"></trkpt>
      <trkpt lat="36.719692" lon="127.188158"></trkpt>
      <trkpt lat="36.719702" lon="127.187194"></trkpt>
      <trkpt lat="36.719096" lon="127.185997"></trkpt>
      <trkpt lat="36.718341" lon="127.185652"></trkpt>
      <trkpt lat="36.717881" lon="127.185115"></trkpt>
      <trkpt lat="36.717487" lon="127.183302"></trkpt>
      <trkpt lat="36.716357" lon="127.182837"></trkpt>
      <trkpt lat="36.715940" lon="127.182414"></trkpt>
      <trkpt lat="36.715639" lon="127.182385"></trkpt>
      <trkpt lat="36.715420" lon="127.182035"></trkpt>
      <trkpt lat="36.714724" lon="127.181639"></trkpt>
      <trkpt lat="36.714279" lon="127.181047"></trkpt>
      <trkpt lat="36.713145" lon="127.180254"></trkpt>
      <trkpt lat="36.712836" lon="127.179522"></trkpt>
      <trkpt lat="36.711513" lon="127.178726"></trkpt>
      <trkpt lat="36.711184" lon="127.177822"></trkpt>
      <trkpt lat="36.710897" lon="127.177652"></trkpt>
      <trkpt lat="36.710555" lon="127.177195"></trkpt>
      <trkpt lat="36.710087" lon="127.177007"></trkpt>
      <trkpt lat="36.709771" lon="127.177172"></trkpt>
      <trkpt lat="36.709455" lon="127.177783"></trkpt>
      <trkpt lat="36.708205" lon="127.177905"></trkpt>
      <trkpt lat="36.707122" lon="127.178392"></trkpt>
      <trkpt lat="36.706590" lon="127.178342"></trkpt>
      <trkpt lat="36.706436" lon="127.178531"></trkpt>
      <trkpt lat="36.706404" lon="127.178889"></trkpt>
      <trkpt lat="36.706628" lon="127.179894"></trkpt>
      <trkpt lat="36.705986" lon="127.180734"></trkpt>
      <trkpt lat="36.705787" lon="127.180401"></trkpt>
      <trkpt lat="36.705542" lon="127.180341"></trkpt>
      <trkpt lat="36.705139" lon="127.180688"></trkpt>
      <trkpt lat="36.704933" lon="127.181092"></trkpt>
      <trkpt lat="36.704606" lon="127.180800"></trkpt>
      <trkpt lat="36.703998" lon="127.180761"></trkpt>
      <trkpt lat="36.703199" lon="127.181039"></trkpt>
      <trkpt lat="36.702621" lon="127.180797"></trkpt>
      <trkpt lat="36.702346" lon="127.180899"></trkpt>
      <trkpt lat="36.702086" lon="127.181353"></trkpt>
      <trkpt lat="36.701862" lon="127.181506"></trkpt>
      <trkpt lat="36.701430" lon="127.181511"></trkpt>
      <trkpt lat="36.700979" lon="127.181313"></trkpt>
      <trkpt lat="36.700389" lon="127.181492"></trkpt>
      <trkpt lat="36.699989" lon="127.182086"></trkpt>
      <trkpt lat="36.699949" lon="127.182490"></trkpt>
      <trkpt lat="36.699625" lon="127.182301"></trkpt>
      <trkpt lat="36.698987" lon="127.182332"></trkpt>
      <trkpt lat="36.698707" lon="127.182502"></trkpt>
      <trkpt lat="36.698718" lon="127.182959"></trkpt>
      <trkpt lat="36.698568" lon="127.183518"></trkpt>
      <trkpt lat="36.698341" lon="127.183866"></trkpt>
      <trkpt lat="36.697842" lon="127.184165"></trkpt>
      <trkpt lat="36.697340" lon="127.184069"></trkpt>
      <trkpt lat="36.696798" lon="127.183651"></trkpt>
      <trkpt lat="36.695117" lon="127.182941"></trkpt>
      <trkpt lat="36.694475" lon="127.182263"></trkpt>
      <trkpt lat="36.693908" lon="127.182215"></trkpt>
      <trkpt lat="36.693609" lon="127.182022"></trkpt>
      <trkpt lat="36.692146" lon="127.180776"></trkpt>
      <trkpt lat="36.691677" lon="127.180576"></trkpt>
      <trkpt lat="36.691457" lon="127.179827"></trkpt>
      <trkpt lat="36.691263" lon="127.179741"></trkpt>
      <trkpt lat="36.690790" lon="127.180038"></trkpt>
      <trkpt lat="36.690438" lon="127.180017"></trkpt>
      <trkpt lat="36.689917" lon="127.180677"></trkpt>
      <trkpt lat="36.689376" lon="127.180869"></trkpt>
      <trkpt lat="36.688975" lon="127.182125"></trkpt>
      <trkpt lat="36.688674" lon="127.182270"></trkpt>
      <trkpt lat="36.688223" lon="127.182110"></trkpt>
      <trkpt lat="36.687803" lon="127.182321"></trkpt>
      <trkpt lat="36.686895" lon="127.183426"></trkpt>
      <trkpt lat="36.686442" lon="127.183523"></trkpt>
      <trkpt lat="36.686336" lon="127.183955"></trkpt>
      <trkpt lat="36.686009" lon="127.184110"></trkpt>
      <trkpt lat="36.685950" lon="127.184302"></trkpt>
      <trkpt lat="36.686211" lon="127.184660"></trkpt>
      <trkpt lat="36.686220" lon="127.184966"></trkpt>
      <trkpt lat="36.685599" lon="127.185681"></trkpt>
      <trkpt lat="36.685106" lon="127.187393"></trkpt>
      <trkpt lat="36.684166" lon="127.188050"></trkpt>
      <trkpt lat="36.683208" lon="127.187707"></trkpt>
      <trkpt lat="36.682629" lon="127.188060"></trkpt>
      <trkpt lat="36.681751" lon="127.187831"></trkpt>
      <trkpt lat="36.681037" lon="127.188550"></trkpt>
      <trkpt lat="36.680655" lon="127.188230"></trkpt>
      <trkpt lat="36.680241" lon="127.188125"></trkpt>
      <trkpt lat="36.680085" lon="127.185023"></trkpt>
      <trkpt lat="36.680475" lon="127.183218"></trkpt>
      <trkpt lat="36.681127" lon="127.181557"></trkpt>
      <trkpt lat="36.680249" lon="127.181124"></trkpt>
      <trkpt lat="36.679741" lon="127.182623"></trkpt>
      <trkpt lat="36.679506" lon="127.183825"></trkpt>
      <trkpt lat="36.679105" lon="127.183728"></trkpt>
      <trkpt lat="36.678996" lon="127.184590"></trkpt>
      <trkpt lat="36.679214" lon="127.189068"></trkpt>
      <trkpt lat="36.679111" lon="127.189067"></trkpt>
      <trkpt lat="36.678999" lon="127.189343"></trkpt>
      <trkpt lat="36.678613" lon="127.189584"></trkpt>
      <trkpt lat="36.678300" lon="127.189555"></trkpt>
      <trkpt lat="36.678036" lon="127.189276"></trkpt>
      <trkpt lat="36.677387" lon="127.189434"></trkpt>
      <trkpt lat="36.677018" lon="127.189816"></trkpt>
      <trkpt lat="36.676901" lon="127.190357"></trkpt>
      <trkpt lat="36.676671" lon="127.190759"></trkpt>
      <trkpt lat="36.676305" lon="127.189520"></trkpt>
      <trkpt lat="36.675973" lon="127.188993"></trkpt>
      <trkpt lat="36.675563" lon="127.188609"></trkpt>
      <trkpt lat="36.675260" lon="127.188566"></trkpt>
      <trkpt lat="36.674350" lon="127.187747"></trkpt>
      <trkpt lat="36.674002" lon="127.187723"></trkpt>
      <trkpt lat="36.673783" lon="127.187989"></trkpt>
      <trkpt lat="36.673455" lon="127.187996"></trkpt>
      <trkpt lat="36.673486" lon="127.188353"></trkpt>
      <trkpt lat="36.673657" lon="127.188401"></trkpt>
      <trkpt lat="36.673639" lon="127.188595"></trkpt>
      <trkpt lat="36.673042" lon="127.188600"></trkpt>
      <trkpt lat="36.672997" lon="127.188838"></trkpt>
      <trkpt lat="36.672549" lon="127.189183"></trkpt>
      <trkpt lat="36.671411" lon="127.189333"></trkpt>
      <trkpt lat="36.671123" lon="127.189243"></trkpt>
      <trkpt lat="36.670992" lon="127.191182"></trkpt>
      <trkpt lat="36.669750" lon="127.190815"></trkpt>
      <trkpt lat="36.669324" lon="127.190872"></trkpt>
      <trkpt lat="36.668873" lon="127.191040"></trkpt>
      <trkpt lat="36.668576" lon="127.191452"></trkpt>
      <trkpt lat="36.667229" lon="127.192346"></trkpt>
      <trkpt lat="36.666141" lon="127.192427"></trkpt>
      <trkpt lat="36.665879" lon="127.192232"></trkpt>
      <trkpt lat="36.665469" lon="127.192335"></trkpt>
      <trkpt lat="36.664328" lon="127.191368"></trkpt>
      <trkpt lat="36.660452" lon="127.189316"></trkpt>
      <trkpt lat="36.657871" lon="127.187612"></trkpt>
      <trkpt lat="36.657474" lon="127.187494"></trkpt>
      <trkpt lat="36.655798" lon="127.187487"></trkpt>
      <trkpt lat="36.655092" lon="127.187320"></trkpt>
      <trkpt lat="36.653347" lon="127.186068"></trkpt>
      <trkpt lat="36.649556" lon="127.183894"></trkpt>
      <trkpt lat="36.648998" lon="127.183152"></trkpt>
      <trkpt lat="36.648723" lon="127.182134"></trkpt>
      <trkpt lat="36.648553" lon="127.180882"></trkpt>
      <trkpt lat="36.648522" lon="127.178591"></trkpt>
      <trkpt lat="36.647939" lon="127.177877"></trkpt>
      <trkpt lat="36.639125" lon="127.176283"></trkpt>
      <trkpt lat="36.639223" lon="127.174544"></trkpt>
      <trkpt lat="36.638214" lon="127.174374"></trkpt>
      <trkpt lat="36.637568" lon="127.172484"></trkpt>
      <trkpt lat="36.637629" lon="127.170010"></trkpt>
      <trkpt lat="36.637580" lon="127.170134"></trkpt>
      <trkpt lat="36.638436" lon="127.169419"></trkpt>
      <trkpt lat="36.638906" lon="127.168098"></trkpt>
      <trkpt lat="36.638823" lon="127.167365"></trkpt>
      <trkpt lat="36.637816" lon="127.164728"></trkpt>
      <trkpt lat="36.637387" lon="127.164171"></trkpt>
      <trkpt lat="36.637866" lon="127.162858"></trkpt>
      <trkpt lat="36.638347" lon="127.162798"></trkpt>
      <trkpt lat="36.638287" lon="127.161644"></trkpt>
      <trkpt lat="36.638575" lon="127.160432"></trkpt>
      <trkpt lat="36.638595" lon="127.159847"></trkpt>
      <trkpt lat="36.638410" lon="127.159310"></trkpt>
      <trkpt lat="36.638259" lon="127.157956"></trkpt>
      <trkpt lat="36.638795" lon="127.157216"></trkpt>
      <trkpt lat="36.638965" lon="127.157152"></trkpt>
      <trkpt lat="36.638698" lon="127.156859"></trkpt>
      <trkpt lat="36.638394" lon="127.156827"></trkpt>
      <trkpt lat="36.637967" lon="127.156269"></trkpt>
      <trkpt lat="36.637467" lon="127.156531"></trkpt>
      <trkpt lat="36.636879" lon="127.156604"></trkpt>
      <trkpt lat="36.636444" lon="127.157148"></trkpt>
      <trkpt lat="36.636079" lon="127.157266"></trkpt>
      <trkpt lat="36.635867" lon="127.157737"></trkpt>
      <trkpt lat="36.635151" lon="127.157891"></trkpt>
      <trkpt lat="36.634807" lon="127.157443"></trkpt>
      <trkpt lat="36.634081" lon="127.157489"></trkpt>
      <trkpt lat="36.633683" lon="127.157304"></trkpt>
      <trkpt lat="36.633028" lon="127.156704"></trkpt>
      <trkpt lat="36.632290" lon="127.157154"></trkpt>
      <trkpt lat="36.631873" lon="127.156741"></trkpt>
      <trkpt lat="36.631688" lon="127.155995"></trkpt>
      <trkpt lat="36.631066" lon="127.156011"></trkpt>
      <trkpt lat="36.630756" lon="127.155845"></trkpt>
      <trkpt lat="36.629080" lon="127.156223"></trkpt>
      <trkpt lat="36.628636" lon="127.156041"></trkpt>
      <trkpt lat="36.628050" lon="127.156464"></trkpt>
      <trkpt lat="36.627570" lon="127.156202"></trkpt>
      <trkpt lat="36.627407" lon="127.156592"></trkpt>
      <trkpt lat="36.626805" lon="127.156992"></trkpt>
      <trkpt lat="36.626542" lon="127.157583"></trkpt>
      <trkpt lat="36.626062" lon="127.158077"></trkpt>
      <trkpt lat="36.626144" lon="127.158536"></trkpt>
      <trkpt lat="36.626019" lon="127.159053"></trkpt>
      <trkpt lat="36.626028" lon="127.159819"></trkpt>
      <trkpt lat="36.625727" lon="127.159739"></trkpt>
      <trkpt lat="36.624977" lon="127.160051"></trkpt>
      <trkpt lat="36.624682" lon="127.160050"></trkpt>
      <trkpt lat="36.624581" lon="127.159897"></trkpt>
      <trkpt lat="36.624343" lon="127.158905"></trkpt>
      <trkpt lat="36.624380" lon="127.157800"></trkpt>
      <trkpt lat="36.623819" lon="127.157116"></trkpt>
      <trkpt lat="36.624324" lon="127.156185"></trkpt>
      <trkpt lat="36.624422" lon="127.155467"></trkpt>
      <trkpt lat="36.624653" lon="127.154938"></trkpt>
      <trkpt lat="36.624630" lon="127.154422"></trkpt>
      <trkpt lat="36.624116" lon="127.153744"></trkpt>
      <trkpt lat="36.623295" lon="127.153194"></trkpt>
      <trkpt lat="36.622288" lon="127.152827"></trkpt>
      <trkpt lat="36.622121" lon="127.151930"></trkpt>
      <trkpt lat="36.621982" lon="127.151714"></trkpt>
      <trkpt lat="36.621663" lon="127.151553"></trkpt>
      <trkpt lat="36.621101" lon="127.150915"></trkpt>
      <trkpt lat="36.620781" lon="127.150832"></trkpt>
      <trkpt lat="36.620265" lon="127.150380"></trkpt>
      <trkpt lat="36.620841" lon="127.149750"></trkpt>
      <trkpt lat="36.621527" lon="127.149779"></trkpt>
      <trkpt lat="36.621982" lon="127.149539"></trkpt>
      <trkpt lat="36.622244" lon="127.149104"></trkpt>
      <trkpt lat="36.623400" lon="127.149281"></trkpt>
      <trkpt lat="36.624518" lon="127.149079"></trkpt>
      <trkpt lat="36.624697" lon="127.149224"></trkpt>
      <trkpt lat="36.625549" lon="127.148584"></trkpt>
      <trkpt lat="36.626128" lon="127.148423"></trkpt>
      <trkpt lat="36.626408" lon="127.148117"></trkpt>
      <trkpt lat="36.626933" lon="127.147951"></trkpt>
      <trkpt lat="36.627257" lon="127.147588"></trkpt>
      <trkpt lat="36.627763" lon="127.147649"></trkpt>
      <trkpt lat="36.628028" lon="127.147884"></trkpt>
      <trkpt lat="36.628791" lon="127.148103"></trkpt>
      <trkpt lat="36.629277" lon="127.148591"></trkpt>
      <trkpt lat="36.629546" lon="127.148501"></trkpt>
      <trkpt lat="36.629685" lon="127.148218"></trkpt>
      <trkpt lat="36.629506" lon="127.147554"></trkpt>
      <trkpt lat="36.629916" lon="127.146631"></trkpt>
      <trkpt lat="36.630142" lon="127.146333"></trkpt>
      <trkpt lat="36.631115" lon="127.145950"></trkpt>
      <trkpt lat="36.631688" lon="127.145070"></trkpt>
      <trkpt lat="36.632503" lon="127.145342"></trkpt>
      <trkpt lat="36.632734" lon="127.145078"></trkpt>
      <trkpt lat="36.633341" lon="127.144789"></trkpt>
      <trkpt lat="36.633651" lon="127.144826"></trkpt>
      <trkpt lat="36.634109" lon="127.145231"></trkpt>
      <trkpt lat="36.634388" lon="127.144879"></trkpt>
      <trkpt lat="36.635114" lon="127.144767"></trkpt>
      <trkpt lat="36.635430" lon="127.143948"></trkpt>
      <trkpt lat="36.635521" lon="127.142815"></trkpt>
      <trkpt lat="36.635779" lon="127.142544"></trkpt>
      <trkpt lat="36.636029" lon="127.141818"></trkpt>
      <trkpt lat="36.636788" lon="127.140533"></trkpt>
      <trkpt lat="36.637531" lon="127.140760"></trkpt>
      <trkpt lat="36.637988" lon="127.141172"></trkpt>
      <trkpt lat="36.638355" lon="127.141021"></trkpt>
      <trkpt lat="36.639480" lon="127.141006"></trkpt>
      <trkpt lat="36.639857" lon="127.140874"></trkpt>
      <trkpt lat="36.640293" lon="127.141064"></trkpt>
      <trkpt lat="36.640735" lon="127.141009"></trkpt>
      <trkpt lat="36.641175" lon="127.141275"></trkpt>
      <trkpt lat="36.641803" lon="127.141030"></trkpt>
      <trkpt lat="36.642070" lon="127.140779"></trkpt>
      <trkpt lat="36.642604" lon="127.140725"></trkpt>
      <trkpt lat="36.642888" lon="127.140511"></trkpt>
      <trkpt lat="36.643138" lon="127.139668"></trkpt>
      <trkpt lat="36.643172" lon="127.139022"></trkpt>
      <trkpt lat="36.643491" lon="127.138834"></trkpt>
      <trkpt lat="36.644156" lon="127.137987"></trkpt>
      <trkpt lat="36.644387" lon="127.137366"></trkpt>
      <trkpt lat="36.644343" lon="127.137066"></trkpt>
      <trkpt lat="36.644011" lon="127.136686"></trkpt>
      <trkpt lat="36.643687" lon="127.135887"></trkpt>
      <trkpt lat="36.643877" lon="127.135653"></trkpt>
      <trkpt lat="36.644334" lon="127.135514"></trkpt>
      <trkpt lat="36.644311" lon="127.135023"></trkpt>
      <trkpt lat="36.644606" lon="127.133672"></trkpt>
      <trkpt lat="36.644962" lon="127.133029"></trkpt>
      <trkpt lat="36.645161" lon="127.132266"></trkpt>
      <trkpt lat="36.645657" lon="127.131731"></trkpt>
      <trkpt lat="36.645734" lon="127.131080"></trkpt>
      <trkpt lat="36.646238" lon="127.130512"></trkpt>
      <trkpt lat="36.646482" lon="127.130016"></trkpt>
      <trkpt lat="36.646785" lon="127.129789"></trkpt>
      <trkpt lat="36.647574" lon="127.129607"></trkpt>
      <trkpt lat="36.647748" lon="127.128928"></trkpt>
      <trkpt lat="36.648436" lon="127.128385"></trkpt>
      <trkpt lat="36.649302" lon="127.128393"></trkpt>
      <trkpt lat="36.650084" lon="127.128636"></trkpt>
      <trkpt lat="36.650802" lon="127.128439"></trkpt>
      <trkpt lat="36.650954" lon="127.128272"></trkpt>
      <trkpt lat="36.651239" lon="127.128291"></trkpt>
      <trkpt lat="36.651447" lon="127.127794"></trkpt>
      <trkpt lat="36.651656" lon="127.128124"></trkpt>
      <trkpt lat="36.652300" lon="127.128162"></trkpt>
      <trkpt lat="36.652487" lon="127.127887"></trkpt>
      <trkpt lat="36.653443" lon="127.127373"></trkpt>
      <trkpt lat="36.653593" lon="127.127052"></trkpt>
      <trkpt lat="36.653576" lon="127.126608"></trkpt>
      <trkpt lat="36.653027" lon="127.126191"></trkpt>
      <trkpt lat="36.652943" lon="127.125574"></trkpt>
      <trkpt lat="36.652645" lon="127.125362"></trkpt>
      <trkpt lat="36.652630" lon="127.124997"></trkpt>
      <trkpt lat="36.652431" lon="127.124714"></trkpt>
      <trkpt lat="36.652656" lon="127.124795"></trkpt>
      <trkpt lat="36.652658" lon="127.124399"></trkpt>
      <trkpt lat="36.652936" lon="127.124629"></trkpt>
      <trkpt lat="36.653055" lon="127.124528"></trkpt>
      <trkpt lat="36.653472" lon="127.123648"></trkpt>
      <trkpt lat="36.653494" lon="127.123126"></trkpt>
      <trkpt lat="36.654062" lon="127.122202"></trkpt>
      <trkpt lat="36.654243" lon="127.121332"></trkpt>
      <trkpt lat="36.655668" lon="127.120284"></trkpt>
      <trkpt lat="36.655847" lon="127.119539"></trkpt>
      <trkpt lat="36.655777" lon="127.119193"></trkpt>
      <trkpt lat="36.656239" lon="127.118643"></trkpt>
      <trkpt lat="36.656094" lon="127.118568"></trkpt>
      <trkpt lat="36.656275" lon="127.117998"></trkpt>
      <trkpt lat="36.656009" lon="127.117453"></trkpt>
      <trkpt lat="36.656085" lon="127.116844"></trkpt>
      <trkpt lat="36.656268" lon="127.116682"></trkpt>
      <trkpt lat="36.656595" lon="127.115937"></trkpt>
      <trkpt lat="36.656755" lon="127.114907"></trkpt>
      <trkpt lat="36.657010" lon="127.114665"></trkpt>
      <trkpt lat="36.657250" lon="127.114643"></trkpt>
      <trkpt lat="36.657394" lon="127.114352"></trkpt>
      <trkpt lat="36.657417" lon="127.113793"></trkpt>
      <trkpt lat="36.657130" lon="127.113298"></trkpt>
      <trkpt lat="36.657170" lon="127.112793"></trkpt>
      <trkpt lat="36.657919" lon="127.111794"></trkpt>
      <trkpt lat="36.658758" lon="127.111332"></trkpt>
      <trkpt lat="36.658841" lon="127.111103"></trkpt>
      <trkpt lat="36.658571" lon="127.110184"></trkpt>
      <trkpt lat="36.658809" lon="127.109221"></trkpt>
      <trkpt lat="36.658749" lon="127.108817"></trkpt>
      <trkpt lat="36.658536" lon="127.108327"></trkpt>
      <trkpt lat="36.658100" lon="127.107939"></trkpt>
      <trkpt lat="36.657953" lon="127.107358"></trkpt>
      <trkpt lat="36.658142" lon="127.106556"></trkpt>
      <trkpt lat="36.657750" lon="127.105603"></trkpt>
      <trkpt lat="36.657355" lon="127.105204"></trkpt>
      <trkpt lat="36.657268" lon="127.104318"></trkpt>
      <trkpt lat="36.657122" lon="127.104234"></trkpt>
      <trkpt lat="36.656852" lon="127.103463"></trkpt>
      <trkpt lat="36.656396" lon="127.103213"></trkpt>
      <trkpt lat="36.655093" lon="127.101300"></trkpt>
      <trkpt lat="36.654571" lon="127.100898"></trkpt>
      <trkpt lat="36.654790" lon="127.100127"></trkpt>
      <trkpt lat="36.654638" lon="127.099777"></trkpt>
      <trkpt lat="36.654724" lon="127.099284"></trkpt>
      <trkpt lat="36.654611" lon="127.098476"></trkpt>
      <trkpt lat="36.655045" lon="127.098277"></trkpt>
      <trkpt lat="36.655406" lon="127.097841"></trkpt>
      <trkpt lat="36.655148" lon="127.096783"></trkpt>
      <trkpt lat="36.654162" lon="127.096138"></trkpt>
      <trkpt lat="36.653768" lon="127.094866"></trkpt>
      <trkpt lat="36.653850" lon="127.094318"></trkpt>
      <trkpt lat="36.654041" lon="127.093929"></trkpt>
      <trkpt lat="36.653961" lon="127.093694"></trkpt>
      <trkpt lat="36.653515" lon="127.093230"></trkpt>
      <trkpt lat="36.652851" lon="127.093090"></trkpt>
      <trkpt lat="36.651654" lon="127.092528"></trkpt>
      <trkpt lat="36.650750" lon="127.092732"></trkpt>
      <trkpt lat="36.650090" lon="127.092687"></trkpt>
      <trkpt lat="36.649754" lon="127.092932"></trkpt>
      <trkpt lat="36.649220" lon="127.092757"></trkpt>
      <trkpt lat="36.648820" lon="127.092951"></trkpt>
      <trkpt lat="36.648102" lon="127.092146"></trkpt>
      <trkpt lat="36.647564" lon="127.091846"></trkpt>
      <trkpt lat="36.646859" lon="127.091165"></trkpt>
      <trkpt lat="36.646137" lon="127.091105"></trkpt>
      <trkpt lat="36.646038" lon="127.090617"></trkpt>
      <trkpt lat="36.645537" lon="127.089946"></trkpt>
      <trkpt lat="36.645103" lon="127.089608"></trkpt>
      <trkpt lat="36.644670" lon="127.089715"></trkpt>
      <trkpt lat="36.644149" lon="127.089246"></trkpt>
      <trkpt lat="36.643163" lon="127.089277"></trkpt>
      <trkpt lat="36.642951" lon="127.088959"></trkpt>
      <trkpt lat="36.642909" lon="127.088527"></trkpt>
      <trkpt lat="36.642372" lon="127.088334"></trkpt>
      <trkpt lat="36.642026" lon="127.087910"></trkpt>
      <trkpt lat="36.641721" lon="127.086670"></trkpt>
      <trkpt lat="36.641872" lon="127.086330"></trkpt>
      <trkpt lat="36.641652" lon="127.084945"></trkpt>
      <trkpt lat="36.641867" lon="127.084347"></trkpt>
      <trkpt lat="36.641821" lon="127.083659"></trkpt>
      <trkpt lat="36.642048" lon="127.082593"></trkpt>
      <trkpt lat="36.642030" lon="127.082215"></trkpt>
      <trkpt lat="36.641552" lon="127.080675"></trkpt>
      <trkpt lat="36.642260" lon="127.079151"></trkpt>
      <trkpt lat="36.642171" lon="127.078600"></trkpt>
      <trkpt lat="36.642483" lon="127.077374"></trkpt>
      <trkpt lat="36.642225" lon="127.076275"></trkpt>
      <trkpt lat="36.642308" lon="127.075582"></trkpt>
      <trkpt lat="36.642119" lon="127.075069"></trkpt>
      <trkpt lat="36.641480" lon="127.074077"></trkpt>
      <trkpt lat="36.641612" lon="127.073174"></trkpt>
      <trkpt lat="36.641805" lon="127.072807"></trkpt>
      <trkpt lat="36.642472" lon="127.072714"></trkpt>
      <trkpt lat="36.642874" lon="127.072413"></trkpt>
      <trkpt lat="36.643060" lon="127.071895"></trkpt>
      <trkpt lat="36.643853" lon="127.070985"></trkpt>
      <trkpt lat="36.644266" lon="127.070077"></trkpt>
      <trkpt lat="36.644978" lon="127.069907"></trkpt>
      <trkpt lat="36.645189" lon="127.069511"></trkpt>
      <trkpt lat="36.645101" lon="127.068136"></trkpt>
      <trkpt lat="36.645288" lon="127.067131"></trkpt>
      <trkpt lat="36.645551" lon="127.066482"></trkpt>
      <trkpt lat="36.646043" lon="127.065803"></trkpt>
      <trkpt lat="36.646107" lon="127.065462"></trkpt>
      <trkpt lat="36.645994" lon="127.064780"></trkpt>
      <trkpt lat="36.646135" lon="127.064487"></trkpt>
      <trkpt lat="36.646000" lon="127.064053"></trkpt>
      <trkpt lat="36.645594" lon="127.063535"></trkpt>
      <trkpt lat="36.645492" lon="127.063003"></trkpt>
      <trkpt lat="36.644849" lon="127.061533"></trkpt>
      <trkpt lat="36.645111" lon="127.061104"></trkpt>
      <trkpt lat="36.645075" lon="127.060593"></trkpt>
      <trkpt lat="36.645220" lon="127.060061"></trkpt>
      <trkpt lat="36.645450" lon="127.059808"></trkpt>
      <trkpt lat="36.645543" lon="127.059480"></trkpt>
      <trkpt lat="36.645430" lon="127.058569"></trkpt>
      <trkpt lat="36.645891" lon="127.057916"></trkpt>
      <trkpt lat="36.646456" lon="127.057532"></trkpt>
      <trkpt lat="36.646806" lon="127.057044"></trkpt>
      <trkpt lat="36.647002" lon="127.057096"></trkpt>
      <trkpt lat="36.648218" lon="127.056285"></trkpt>
      <trkpt lat="36.649140" lon="127.055954"></trkpt>
      <trkpt lat="36.649226" lon="127.055580"></trkpt>
      <trkpt lat="36.649912" lon="127.055205"></trkpt>
      <trkpt lat="36.650418" lon="127.054350"></trkpt>
      <trkpt lat="36.651195" lon="127.054192"></trkpt>
      <trkpt lat="36.651643" lon="127.053556"></trkpt>
      <trkpt lat="36.651974" lon="127.051731"></trkpt>
      <trkpt lat="36.651983" lon="127.051118"></trkpt>
      <trkpt lat="36.652249" lon="127.050597"></trkpt>
      <trkpt lat="36.651843" lon="127.049704"></trkpt>
      <trkpt lat="36.651949" lon="127.049278"></trkpt>
      <trkpt lat="36.651717" lon="127.048479"></trkpt>
      <trkpt lat="36.651640" lon="127.046374"></trkpt>
      <trkpt lat="36.651397" lon="127.045252"></trkpt>
      <trkpt lat="36.651749" lon="127.044226"></trkpt>
      <trkpt lat="36.651639" lon="127.043503"></trkpt>
      <trkpt lat="36.651775" lon="127.042955"></trkpt>
      <trkpt lat="36.652161" lon="127.042615"></trkpt>
      <trkpt lat="36.652534" lon="127.042041"></trkpt>
      <trkpt lat="36.653337" lon="127.041601"></trkpt>
      <trkpt lat="36.653815" lon="127.040094"></trkpt>
      <trkpt lat="36.653830" lon="127.038827"></trkpt>
      <trkpt lat="36.653956" lon="127.038543"></trkpt>
      <trkpt lat="36.653896" lon="127.038220"></trkpt>
      <trkpt lat="36.654300" lon="127.037539"></trkpt>
      <trkpt lat="36.654434" lon="127.036586"></trkpt>
      <trkpt lat="36.654095" lon="127.034813"></trkpt>
      <trkpt lat="36.654649" lon="127.033989"></trkpt>
      <trkpt lat="36.654832" lon="127.033398"></trkpt>
      <trkpt lat="36.654842" lon="127.032575"></trkpt>
      <trkpt lat="36.654698" lon="127.031804"></trkpt>
      <trkpt lat="36.655029" lon="127.030828"></trkpt>
      <trkpt lat="36.655136" lon="127.029906"></trkpt>
      <trkpt lat="36.655492" lon="127.028920"></trkpt>
      <trkpt lat="36.655492" lon="127.028230"></trkpt>
      <trkpt lat="36.655724" lon="127.027720"></trkpt>
      <trkpt lat="36.655848" lon="127.026922"></trkpt>
      <trkpt lat="36.655805" lon="127.026283"></trkpt>
      <trkpt lat="36.655960" lon="127.025688"></trkpt>
      <trkpt lat="36.655970" lon="127.025160"></trkpt>
      <trkpt lat="36.655448" lon="127.024802"></trkpt>
      <trkpt lat="36.655038" lon="127.024180"></trkpt>
      <trkpt lat="36.653762" lon="127.023376"></trkpt>
      <trkpt lat="36.652173" lon="127.022609"></trkpt>
      <trkpt lat="36.651916" lon="127.022252"></trkpt>
      <trkpt lat="36.651716" lon="127.021493"></trkpt>
      <trkpt lat="36.650340" lon="127.020817"></trkpt>
      <trkpt lat="36.650013" lon="127.020434"></trkpt>
      <trkpt lat="36.650361" lon="127.019533"></trkpt>
      <trkpt lat="36.650385" lon="127.019174"></trkpt>
      <trkpt lat="36.650788" lon="127.018302"></trkpt>
      <trkpt lat="36.650750" lon="127.017243"></trkpt>
      <trkpt lat="36.651303" lon="127.017178"></trkpt>
      <trkpt lat="36.651849" lon="127.016897"></trkpt>
      <trkpt lat="36.652317" lon="127.016918"></trkpt>
      <trkpt lat="36.652714" lon="127.016576"></trkpt>
      <trkpt lat="36.652924" lon="127.016112"></trkpt>
      <trkpt lat="36.653334" lon="127.015672"></trkpt>
      <trkpt lat="36.653587" lon="127.015163"></trkpt>
      <trkpt lat="36.653585" lon="127.014579"></trkpt>
      <trkpt lat="36.654186" lon="127.013953"></trkpt>
      <trkpt lat="36.654466" lon="127.013305"></trkpt>
      <trkpt lat="36.654135" lon="127.012065"></trkpt>
      <trkpt lat="36.654390" lon="127.011347"></trkpt>
      <trkpt lat="36.654883" lon="127.011019"></trkpt>
      <trkpt lat="36.655216" lon="127.010356"></trkpt>
      <trkpt lat="36.656032" lon="127.009509"></trkpt>
      <trkpt lat="36.655765" lon="127.009019"></trkpt>
      <trkpt lat="36.655435" lon="127.008895"></trkpt>
      <trkpt lat="36.655333" lon="127.008203"></trkpt>
      <trkpt lat="36.655057" lon="127.007542"></trkpt>
      <trkpt lat="36.654667" lon="127.007323"></trkpt>
      <trkpt lat="36.653946" lon="127.007251"></trkpt>
      <trkpt lat="36.653028" lon="127.006474"></trkpt>
      <trkpt lat="36.652818" lon="127.005719"></trkpt>
      <trkpt lat="36.652524" lon="127.005436"></trkpt>
      <trkpt lat="36.652440" lon="127.005137"></trkpt>
      <trkpt lat="36.652671" lon="127.003803"></trkpt>
      <trkpt lat="36.652532" lon="127.003637"></trkpt>
      <trkpt lat="36.651938" lon="127.003512"></trkpt>
      <trkpt lat="36.651318" lon="127.002925"></trkpt>
      <trkpt lat="36.651299" lon="127.002591"></trkpt>
      <trkpt lat="36.651637" lon="127.001755"></trkpt>
      <trkpt lat="36.651577" lon="127.000767"></trkpt>
      <trkpt lat="36.651877" lon="127.000161"></trkpt>
      <trkpt lat="36.652067" lon="126.998686"></trkpt>
      <trkpt lat="36.651427" lon="126.997990"></trkpt>
      <trkpt lat="36.651418" lon="126.997246"></trkpt>
      <trkpt lat="36.650956" lon="126.996235"></trkpt>
      <trkpt lat="36.650837" lon="126.995436"></trkpt>
      <trkpt lat="36.648784" lon="126.992673"></trkpt>
      <trkpt lat="36.648682" lon="126.991339"></trkpt>
      <trkpt lat="36.649153" lon="126.989889"></trkpt>
      <trkpt lat="36.648906" lon="126.989225"></trkpt>
      <trkpt lat="36.648930" lon="126.988837"></trkpt>
      <trkpt lat="36.649721" lon="126.987725"></trkpt>
      <trkpt lat="36.650903" lon="126.986929"></trkpt>
      <trkpt lat="36.650825" lon="126.986493"></trkpt>
      <trkpt lat="36.651086" lon="126.985828"></trkpt>
      <trkpt lat="36.651040" lon="126.985224"></trkpt>
      <trkpt lat="36.651847" lon="126.984591"></trkpt>
      <trkpt lat="36.652095" lon="126.982506"></trkpt>
      <trkpt lat="36.652499" lon="126.981969"></trkpt>
      <trkpt lat="36.653249" lon="126.979563"></trkpt>
      <trkpt lat="36.654014" lon="126.978221"></trkpt>
      <trkpt lat="36.654222" lon="126.978239"></trkpt>
      <trkpt lat="36.655267" lon="126.977562"></trkpt>
      <trkpt lat="36.655976" lon="126.977435"></trkpt>
      <trkpt lat="36.656828" lon="126.977915"></trkpt>
      <trkpt lat="36.657592" lon="126.978161"></trkpt>
      <trkpt lat="36.659951" lon="126.977612"></trkpt>
      <trkpt lat="36.660478" lon="126.977617"></trkpt>
      <trkpt lat="36.660982" lon="126.978012"></trkpt>
      <trkpt lat="36.661391" lon="126.978094"></trkpt>
      <trkpt lat="36.662018" lon="126.977724"></trkpt>
      <trkpt lat="36.662617" lon="126.976877"></trkpt>
      <trkpt lat="36.663070" lon="126.976724"></trkpt>
      <trkpt lat="36.663462" lon="126.975883"></trkpt>
      <trkpt lat="36.663469" lon="126.975584"></trkpt>
      <trkpt lat="36.663742" lon="126.975219"></trkpt>
      <trkpt lat="36.664471" lon="126.974983"></trkpt>
      <trkpt lat="36.664879" lon="126.975136"></trkpt>
      <trkpt lat="36.666223" lon="126.974640"></trkpt>
      <trkpt lat="36.667089" lon="126.973530"></trkpt>
      <trkpt lat="36.667366" lon="126.973383"></trkpt>
      <trkpt lat="36.667819" lon="126.972819"></trkpt>
      <trkpt lat="36.668236" lon="126.972597"></trkpt>
      <trkpt lat="36.668587" lon="126.972059"></trkpt>
      <trkpt lat="36.669613" lon="126.971633"></trkpt>
      <trkpt lat="36.670533" lon="126.971448"></trkpt>
      <trkpt lat="36.670744" lon="126.970910"></trkpt>
      <trkpt lat="36.670992" lon="126.970652"></trkpt>
      <trkpt lat="36.672035" lon="126.970401"></trkpt>
      <trkpt lat="36.672513" lon="126.970113"></trkpt>
      <trkpt lat="36.672840" lon="126.970130"></trkpt>
      <trkpt lat="36.673224" lon="126.969754"></trkpt>
      <trkpt lat="36.673731" lon="126.968933"></trkpt>
      <trkpt lat="36.674609" lon="126.968941"></trkpt>
      <trkpt lat="36.676257" lon="126.968339"></trkpt>
      <trkpt lat="36.677039" lon="126.968790"></trkpt>
      <trkpt lat="36.679060" lon="126.968109"></trkpt>
      <trkpt lat="36.679329" lon="126.967480"></trkpt>
      <trkpt lat="36.679111" lon="126.966768"></trkpt>
      <trkpt lat="36.678747" lon="126.966299"></trkpt>
      <trkpt lat="36.678801" lon="126.965532"></trkpt>
      <trkpt lat="36.678639" lon="126.965185"></trkpt>
      <trkpt lat="36.678077" lon="126.964355"></trkpt>
      <trkpt lat="36.676727" lon="126.963974"></trkpt>
      <trkpt lat="36.676074" lon="126.963490"></trkpt>
      <trkpt lat="36.675823" lon="126.962686"></trkpt>
      <trkpt lat="36.675238" lon="126.962104"></trkpt>
      <trkpt lat="36.675224" lon="126.961807"></trkpt>
      <trkpt lat="36.674920" lon="126.961444"></trkpt>
      <trkpt lat="36.674694" lon="126.960899"></trkpt>
      <trkpt lat="36.674019" lon="126.960141"></trkpt>
      <trkpt lat="36.673490" lon="126.960121"></trkpt>
      <trkpt lat="36.673043" lon="126.959832"></trkpt>
      <trkpt lat="36.673085" lon="126.959241"></trkpt>
      <trkpt lat="36.672823" lon="126.959016"></trkpt>
      <trkpt lat="36.672469" lon="126.958032"></trkpt>
      <trkpt lat="36.671989" lon="126.957493"></trkpt>
      <trkpt lat="36.671529" lon="126.957345"></trkpt>
      <trkpt lat="36.670772" lon="126.957309"></trkpt>
      <trkpt lat="36.670242" lon="126.957064"></trkpt>
      <trkpt lat="36.669559" lon="126.957425"></trkpt>
      <trkpt lat="36.668816" lon="126.957048"></trkpt>
      <trkpt lat="36.667612" lon="126.957205"></trkpt>
      <trkpt lat="36.667113" lon="126.956887"></trkpt>
      <trkpt lat="36.666636" lon="126.957156"></trkpt>
      <trkpt lat="36.665869" lon="126.956703"></trkpt>
      <trkpt lat="36.665518" lon="126.957171"></trkpt>
      <trkpt lat="36.664879" lon="126.957313"></trkpt>
      <trkpt lat="36.664622" lon="126.957564"></trkpt>
      <trkpt lat="36.664402" lon="126.957556"></trkpt>
      <trkpt lat="36.663571" lon="126.958049"></trkpt>
      <trkpt lat="36.662901" lon="126.957558"></trkpt>
      <trkpt lat="36.662484" lon="126.957589"></trkpt>
      <trkpt lat="36.662125" lon="126.957793"></trkpt>
      <trkpt lat="36.662008" lon="126.957925"></trkpt>
      <trkpt lat="36.661730" lon="126.959116"></trkpt>
      <trkpt lat="36.661187" lon="126.959427"></trkpt>
      <trkpt lat="36.660660" lon="126.959540"></trkpt>
      <trkpt lat="36.659154" lon="126.958749"></trkpt>
      <trkpt lat="36.657859" lon="126.958598"></trkpt>
      <trkpt lat="36.657088" lon="126.958800"></trkpt>
      <trkpt lat="36.655804" lon="126.959834"></trkpt>
      <trkpt lat="36.655350" lon="126.959466"></trkpt>
      <trkpt lat="36.655261" lon="126.958441"></trkpt>
      <trkpt lat="36.654855" lon="126.957976"></trkpt>
      <trkpt lat="36.654681" lon="126.957192"></trkpt>
      <trkpt lat="36.653697" lon="126.956612"></trkpt>
      <trkpt lat="36.652674" lon="126.955018"></trkpt>
      <trkpt lat="36.652642" lon="126.954406"></trkpt>
      <trkpt lat="36.652393" lon="126.954119"></trkpt>
      <trkpt lat="36.651435" lon="126.954386"></trkpt>
      <trkpt lat="36.650165" lon="126.954148"></trkpt>
      <trkpt lat="36.649069" lon="126.954140"></trkpt>
      <trkpt lat="36.648571" lon="126.954650"></trkpt>
      <trkpt lat="36.648403" lon="126.955052"></trkpt>
      <trkpt lat="36.648252" lon="126.955099"></trkpt>
      <trkpt lat="36.647889" lon="126.954936"></trkpt>
      <trkpt lat="36.647309" lon="126.954923"></trkpt>
      <trkpt lat="36.646864" lon="126.955208"></trkpt>
      <trkpt lat="36.646070" lon="126.955360"></trkpt>
      <trkpt lat="36.645547" lon="126.955125"></trkpt>
      <trkpt lat="36.644973" lon="126.954558"></trkpt>
      <trkpt lat="36.644552" lon="126.954515"></trkpt>
      <trkpt lat="36.643981" lon="126.953827"></trkpt>
      <trkpt lat="36.643409" lon="126.952760"></trkpt>
      <trkpt lat="36.643427" lon="126.951999"></trkpt>
      <trkpt lat="36.643253" lon="126.951566"></trkpt>
      <trkpt lat="36.642524" lon="126.951287"></trkpt>
      <trkpt lat="36.641722" lon="126.949778"></trkpt>
      <trkpt lat="36.640637" lon="126.948160"></trkpt>
      <trkpt lat="36.639412" lon="126.948249"></trkpt>
      <trkpt lat="36.637222" lon="126.946940"></trkpt>
      <trkpt lat="36.635801" lon="126.946883"></trkpt>
      <trkpt lat="36.635305" lon="126.946218"></trkpt>
      <trkpt lat="36.633309" lon="126.944740"></trkpt>
      <trkpt lat="36.632674" lon="126.943793"></trkpt>
      <trkpt lat="36.632091" lon="126.944086"></trkpt>
      <trkpt lat="36.631890" lon="126.944092"></trkpt>
      <trkpt lat="36.631600" lon="126.943781"></trkpt>
      <trkpt lat="36.631433" lon="126.943856"></trkpt>
      <trkpt lat="36.630677" lon="126.944466"></trkpt>
      <trkpt lat="36.630468" lon="126.944917"></trkpt>
      <trkpt lat="36.630009" lon="126.945379"></trkpt>
      <trkpt lat="36.629694" lon="126.945264"></trkpt>
      <trkpt lat="36.629161" lon="126.945385"></trkpt>
      <trkpt lat="36.628822" lon="126.945227"></trkpt>
      <trkpt lat="36.628239" lon="126.945447"></trkpt>
      <trkpt lat="36.627748" lon="126.944702"></trkpt>
      <trkpt lat="36.627577" lon="126.944203"></trkpt>
      <trkpt lat="36.626861" lon="126.943473"></trkpt>
      <trkpt lat="36.626426" lon="126.942768"></trkpt>
      <trkpt lat="36.625915" lon="126.942444"></trkpt>
      <trkpt lat="36.625295" lon="126.942346"></trkpt>
      <trkpt lat="36.624623" lon="126.942663"></trkpt>
      <trkpt lat="36.624794" lon="126.941979"></trkpt>
      <trkpt lat="36.623928" lon="126.940784"></trkpt>
      <trkpt lat="36.623840" lon="126.939890"></trkpt>
      <trkpt lat="36.622649" lon="126.938508"></trkpt>
      <trkpt lat="36.622818" lon="126.937422"></trkpt>
      <trkpt lat="36.622723" lon="126.936674"></trkpt>
      <trkpt lat="36.622594" lon="126.936381"></trkpt>
      <trkpt lat="36.621963" lon="126.935829"></trkpt>
      <trkpt lat="36.620436" lon="126.935786"></trkpt>
      <trkpt lat="36.619035" lon="126.936426"></trkpt>
      <trkpt lat="36.618874" lon="126.936756"></trkpt>
      <trkpt lat="36.618221" lon="126.936925"></trkpt>
      <trkpt lat="36.617776" lon="126.936821"></trkpt>
      <trkpt lat="36.617243" lon="126.936380"></trkpt>
      <trkpt lat="36.616941" lon="126.936345"></trkpt>
      <trkpt lat="36.616140" lon="126.937222"></trkpt>
      <trkpt lat="36.615164" lon="126.937255"></trkpt>
      <trkpt lat="36.614756" lon="126.936732"></trkpt>
      <trkpt lat="36.614790" lon="126.936275"></trkpt>
      <trkpt lat="36.614396" lon="126.935298"></trkpt>
      <trkpt lat="36.613763" lon="126.934718"></trkpt>
      <trkpt lat="36.613232" lon="126.933981"></trkpt>
      <trkpt lat="36.613091" lon="126.933158"></trkpt>
      <trkpt lat="36.612858" lon="126.932857"></trkpt>
      <trkpt lat="36.612361" lon="126.932749"></trkpt>
      <trkpt lat="36.611949" lon="126.932414"></trkpt>
      <trkpt lat="36.611236" lon="126.932514"></trkpt>
      <trkpt lat="36.610770" lon="126.932368"></trkpt>
      <trkpt lat="36.609893" lon="126.931413"></trkpt>
      <trkpt lat="36.609073" lon="126.931161"></trkpt>
      <trkpt lat="36.608828" lon="126.930766"></trkpt>
      <trkpt lat="36.608268" lon="126.930527"></trkpt>
      <trkpt lat="36.607156" lon="126.930848"></trkpt>
      <trkpt lat="36.606263" lon="126.930514"></trkpt>
      <trkpt lat="36.604790" lon="126.931325"></trkpt>
      <trkpt lat="36.604676" lon="126.931829"></trkpt>
      <trkpt lat="36.604500" lon="126.931984"></trkpt>
      <trkpt lat="36.603845" lon="126.931786"></trkpt>
      <trkpt lat="36.602761" lon="126.931979"></trkpt>
      <trkpt lat="36.602227" lon="126.930980"></trkpt>
      <trkpt lat="36.601836" lon="126.930576"></trkpt>
      <trkpt lat="36.601872" lon="126.929991"></trkpt>
      <trkpt lat="36.601998" lon="126.929799"></trkpt>
      <trkpt lat="36.601726" lon="126.929050"></trkpt>
      <trkpt lat="36.600744" lon="126.928697"></trkpt>
      <trkpt lat="36.600656" lon="126.928027"></trkpt>
      <trkpt lat="36.600456" lon="126.927892"></trkpt>
      <trkpt lat="36.599881" lon="126.928252"></trkpt>
      <trkpt lat="36.599265" lon="126.928122"></trkpt>
      <trkpt lat="36.598241" lon="126.927593"></trkpt>
      <trkpt lat="36.597636" lon="126.927851"></trkpt>
      <trkpt lat="36.597263" lon="126.928183"></trkpt>
      <trkpt lat="36.596440" lon="126.928206"></trkpt>
      <trkpt lat="36.596359" lon="126.927762"></trkpt>
      <trkpt lat="36.596125" lon="126.927454"></trkpt>
      <trkpt lat="36.595648" lon="126.927515"></trkpt>
      <trkpt lat="36.595492" lon="126.927816"></trkpt>
      <trkpt lat="36.595009" lon="126.928131"></trkpt>
      <trkpt lat="36.594624" lon="126.929048"></trkpt>
      <trkpt lat="36.593613" lon="126.930395"></trkpt>
      <trkpt lat="36.593181" lon="126.930391"></trkpt>
      <trkpt lat="36.591856" lon="126.930987"></trkpt>
      <trkpt lat="36.591227" lon="126.930549"></trkpt>
      <trkpt lat="36.590999" lon="126.930051"></trkpt>
      <trkpt lat="36.590624" lon="126.929768"></trkpt>
      <trkpt lat="36.589636" lon="126.928062"></trkpt>
      <trkpt lat="36.589228" lon="126.927863"></trkpt>
      <trkpt lat="36.589014" lon="126.928100"></trkpt>
      <trkpt lat="36.588807" lon="126.927774"></trkpt>
      <trkpt lat="36.588843" lon="126.927942"></trkpt>
      <trkpt lat="36.588655" lon="126.927681"></trkpt>
      <trkpt lat="36.588205" lon="126.927524"></trkpt>
      <trkpt lat="36.588323" lon="126.927140"></trkpt>
      <trkpt lat="36.588178" lon="126.926648"></trkpt>
      <trkpt lat="36.588265" lon="126.926525"></trkpt>
      <trkpt lat="36.588101" lon="126.926372"></trkpt>
      <trkpt lat="36.588093" lon="126.925902"></trkpt>
      <trkpt lat="36.587730" lon="126.925282"></trkpt>
      <trkpt lat="36.587352" lon="126.925120"></trkpt>
      <trkpt lat="36.587087" lon="126.924802"></trkpt>
      <trkpt lat="36.586740" lon="126.924796"></trkpt>
      <trkpt lat="36.586286" lon="126.924542"></trkpt>
      <trkpt lat="36.585788" lon="126.924747"></trkpt>
      <trkpt lat="36.585137" lon="126.924685"></trkpt>
      <trkpt lat="36.584432" lon="126.924055"></trkpt>
      <trkpt lat="36.584244" lon="126.923785"></trkpt>
      <trkpt lat="36.584166" lon="126.923352"></trkpt>
      <trkpt lat="36.583398" lon="126.923303"></trkpt>
      <trkpt lat="36.583084" lon="126.922381"></trkpt>
      <trkpt lat="36.582769" lon="126.922354"></trkpt>
      <trkpt lat="36.582429" lon="126.922069"></trkpt>
      <trkpt lat="36.581724" lon="126.921819"></trkpt>
      <trkpt lat="36.581160" lon="126.921836"></trkpt>
      <trkpt lat="36.581046" lon="126.921655"></trkpt>
      <trkpt lat="36.580221" lon="126.921226"></trkpt>
      <trkpt lat="36.579893" lon="126.920714"></trkpt>
      <trkpt lat="36.578664" lon="126.920385"></trkpt>
      <trkpt lat="36.577976" lon="126.919912"></trkpt>
      <trkpt lat="36.577750" lon="126.919371"></trkpt>
      <trkpt lat="36.577520" lon="126.919158"></trkpt>
      <trkpt lat="36.577757" lon="126.918577"></trkpt>
      <trkpt lat="36.577680" lon="126.918109"></trkpt>
      <trkpt lat="36.577058" lon="126.916821"></trkpt>
      <trkpt lat="36.576493" lon="126.916166"></trkpt>
      <trkpt lat="36.575798" lon="126.915947"></trkpt>
      <trkpt lat="36.575588" lon="126.915203"></trkpt>
      <trkpt lat="36.575118" lon="126.914868"></trkpt>
      <trkpt lat="36.574478" lon="126.914079"></trkpt>
      <trkpt lat="36.574494" lon="126.913415"></trkpt>
      <trkpt lat="36.574135" lon="126.912899"></trkpt>
      <trkpt lat="36.574113" lon="126.912526"></trkpt>
      <trkpt lat="36.573863" lon="126.912308"></trkpt>
      <trkpt lat="36.573280" lon="126.912223"></trkpt>
      <trkpt lat="36.572868" lon="126.911411"></trkpt>
      <trkpt lat="36.572162" lon="126.911267"></trkpt>
      <trkpt lat="36.571940" lon="126.910703"></trkpt>
      <trkpt lat="36.570932" lon="126.910746"></trkpt>
      <trkpt lat="36.570040" lon="126.910393"></trkpt>
      <trkpt lat="36.569600" lon="126.910476"></trkpt>
      <trkpt lat="36.569273" lon="126.910349"></trkpt>
      <trkpt lat="36.568739" lon="126.910669"></trkpt>
      <trkpt lat="36.568418" lon="126.910461"></trkpt>
      <trkpt lat="36.567656" lon="126.910496"></trkpt>
      <trkpt lat="36.566305" lon="126.909732"></trkpt>
      <trkpt lat="36.566352" lon="126.909478"></trkpt>
      <trkpt lat="36.566209" lon="126.909143"></trkpt>
      <trkpt lat="36.565783" lon="126.908720"></trkpt>
      <trkpt lat="36.565919" lon="126.908411"></trkpt>
      <trkpt lat="36.565913" lon="126.907847"></trkpt>
      <trkpt lat="36.565665" lon="126.907362"></trkpt>
      <trkpt lat="36.565614" lon="126.906767"></trkpt>
      <trkpt lat="36.565278" lon="126.906370"></trkpt>
      <trkpt lat="36.564461" lon="126.904852"></trkpt>
      <trkpt lat="36.564119" lon="126.904752"></trkpt>
      <trkpt lat="36.563841" lon="126.904878"></trkpt>
      <trkpt lat="36.563447" lon="126.904739"></trkpt>
      <trkpt lat="36.563231" lon="126.904585"></trkpt>
      <trkpt lat="36.563066" lon="126.904117"></trkpt>
      <trkpt lat="36.562799" lon="126.903935"></trkpt>
      <trkpt lat="36.562020" lon="126.903878"></trkpt>
      <trkpt lat="36.561787" lon="126.903632"></trkpt>
      <trkpt lat="36.561421" lon="126.902763"></trkpt>
      <trkpt lat="36.560958" lon="126.902459"></trkpt>
      <trkpt lat="36.560969" lon="126.901811"></trkpt>
      <trkpt lat="36.561160" lon="126.901393"></trkpt>
      <trkpt lat="36.561230" lon="126.900803"></trkpt>
      <trkpt lat="36.561461" lon="126.900441"></trkpt>
      <trkpt lat="36.561378" lon="126.900287"></trkpt>
      <trkpt lat="36.560699" lon="126.899773"></trkpt>
      <trkpt lat="36.560322" lon="126.899816"></trkpt>
      <trkpt lat="36.559884" lon="126.899668"></trkpt>
      <trkpt lat="36.559324" lon="126.899268"></trkpt>
      <trkpt lat="36.558744" lon="126.899291"></trkpt>
      <trkpt lat="36.558324" lon="126.899678"></trkpt>
      <trkpt lat="36.557800" lon="126.899827"></trkpt>
      <trkpt lat="36.557627" lon="126.899717"></trkpt>
      <trkpt lat="36.557369" lon="126.899789"></trkpt>
      <trkpt lat="36.556727" lon="126.899409"></trkpt>
      <trkpt lat="36.555613" lon="126.899346"></trkpt>
      <trkpt lat="36.555488" lon="126.899505"></trkpt>
      <trkpt lat="36.554463" lon="126.899794"></trkpt>
      <trkpt lat="36.553878" lon="126.900137"></trkpt>
      <trkpt lat="36.553438" lon="126.899991"></trkpt>
      <trkpt lat="36.553021" lon="126.900287"></trkpt>
      <trkpt lat="36.552653" lon="126.900325"></trkpt>
      <trkpt lat="36.552047" lon="126.899255"></trkpt>
      <trkpt lat="36.551431" lon="126.899401"></trkpt>
      <trkpt lat="36.550674" lon="126.898987"></trkpt>
      <trkpt lat="36.550176" lon="126.899399"></trkpt>
      <trkpt lat="36.549751" lon="126.899532"></trkpt>
      <trkpt lat="36.549237" lon="126.898821"></trkpt>
      <trkpt lat="36.549109" lon="126.897945"></trkpt>
      <trkpt lat="36.548919" lon="126.897510"></trkpt>
      <trkpt lat="36.548346" lon="126.897645"></trkpt>
      <trkpt lat="36.548039" lon="126.897406"></trkpt>
      <trkpt lat="36.548020" lon="126.896786"></trkpt>
      <trkpt lat="36.547808" lon="126.896286"></trkpt>
      <trkpt lat="36.547467" lon="126.895987"></trkpt>
      <trkpt lat="36.547361" lon="126.895536"></trkpt>
      <trkpt lat="36.547032" lon="126.895207"></trkpt>
      <trkpt lat="36.547042" lon="126.894765"></trkpt>
      <trkpt lat="36.546911" lon="126.894501"></trkpt>
      <trkpt lat="36.545913" lon="126.894224"></trkpt>
      <trkpt lat="36.545263" lon="126.893220"></trkpt>
      <trkpt lat="36.544669" lon="126.893394"></trkpt>
      <trkpt lat="36.544019" lon="126.892909"></trkpt>
      <trkpt lat="36.543253" lon="126.893384"></trkpt>
      <trkpt lat="36.542921" lon="126.893303"></trkpt>
      <trkpt lat="36.542856" lon="126.893432"></trkpt>
      <trkpt lat="36.542363" lon="126.893414"></trkpt>
      <trkpt lat="36.542629" lon="126.892924"></trkpt>
      <trkpt lat="36.542605" lon="126.891813"></trkpt>
      <trkpt lat="36.541880" lon="126.890876"></trkpt>
      <trkpt lat="36.541595" lon="126.890170"></trkpt>
      <trkpt lat="36.541203" lon="126.889752"></trkpt>
      <trkpt lat="36.540922" lon="126.889844"></trkpt>
      <trkpt lat="36.540462" lon="126.889678"></trkpt>
      <trkpt lat="36.539983" lon="126.889987"></trkpt>
      <trkpt lat="36.539583" lon="126.890005"></trkpt>
      <trkpt lat="36.539177" lon="126.890147"></trkpt>
      <trkpt lat="36.539112" lon="126.890297"></trkpt>
      <trkpt lat="36.538443" lon="126.890448"></trkpt>
      <trkpt lat="36.538005" lon="126.890293"></trkpt>
      <trkpt lat="36.537821" lon="126.889803"></trkpt>
      <trkpt lat="36.537456" lon="126.889509"></trkpt>
      <trkpt lat="36.535642" lon="126.888962"></trkpt>
      <trkpt lat="36.534846" lon="126.889375"></trkpt>
      <trkpt lat="36.533830" lon="126.888435"></trkpt>
      <trkpt lat="36.533629" lon="126.888572"></trkpt>
      <trkpt lat="36.533382" lon="126.889224"></trkpt>
      <trkpt lat="36.532786" lon="126.889493"></trkpt>
      <trkpt lat="36.532543" lon="126.889887"></trkpt>
      <trkpt lat="36.532406" lon="126.889895"></trkpt>
      <trkpt lat="36.532321" lon="126.890283"></trkpt>
      <trkpt lat="36.532100" lon="126.890278"></trkpt>
      <trkpt lat="36.531678" lon="126.890625"></trkpt>
      <trkpt lat="36.530974" lon="126.891789"></trkpt>
      <trkpt lat="36.529530" lon="126.891780"></trkpt>
      <trkpt lat="36.528930" lon="126.892397"></trkpt>
      <trkpt lat="36.528233" lon="126.892577"></trkpt>
      <trkpt lat="36.527750" lon="126.892987"></trkpt>
      <trkpt lat="36.527534" lon="126.892961"></trkpt>
      <trkpt lat="36.527160" lon="126.893560"></trkpt>
      <trkpt lat="36.526610" lon="126.893862"></trkpt>
      <trkpt lat="36.526117" lon="126.893068"></trkpt>
      <trkpt lat="36.524692" lon="126.891685"></trkpt>
      <trkpt lat="36.524545" lon="126.891380"></trkpt>
      <trkpt lat="36.524523" lon="126.890645"></trkpt>
      <trkpt lat="36.524223" lon="126.890187"></trkpt>
      <trkpt lat="36.522708" lon="126.890506"></trkpt>
      <trkpt lat="36.522280" lon="126.889990"></trkpt>
      <trkpt lat="36.521763" lon="126.889640"></trkpt>
      <trkpt lat="36.520610" lon="126.889334"></trkpt>
      <trkpt lat="36.520232" lon="126.889326"></trkpt>
      <trkpt lat="36.519424" lon="126.889723"></trkpt>
      <trkpt lat="36.519060" lon="126.889432"></trkpt>
      <trkpt lat="36.518859" lon="126.888853"></trkpt>
      <trkpt lat="36.517977" lon="126.888506"></trkpt>
      <trkpt lat="36.517822" lon="126.888602"></trkpt>
      <trkpt lat="36.517136" lon="126.887804"></trkpt>
      <trkpt lat="36.516826" lon="126.887733"></trkpt>
      <trkpt lat="36.516013" lon="126.888009"></trkpt>
      <trkpt lat="36.515436" lon="126.886945"></trkpt>
      <trkpt lat="36.514682" lon="126.886880"></trkpt>
      <trkpt lat="36.514562" lon="126.886413"></trkpt>
      <trkpt lat="36.513873" lon="126.885774"></trkpt>
      <trkpt lat="36.513117" lon="126.884662"></trkpt>
      <trkpt lat="36.512627" lon="126.884274"></trkpt>
      <trkpt lat="36.511681" lon="126.884069"></trkpt>
      <trkpt lat="36.510953" lon="126.883371"></trkpt>
      <trkpt lat="36.510668" lon="126.882773"></trkpt>
      <trkpt lat="36.510467" lon="126.881933"></trkpt>
      <trkpt lat="36.510264" lon="126.881561"></trkpt>
      <trkpt lat="36.510286" lon="126.881332"></trkpt>
      <trkpt lat="36.509997" lon="126.880823"></trkpt>
      <trkpt lat="36.510514" lon="126.879158"></trkpt>
      <trkpt lat="36.510509" lon="126.878717"></trkpt>
      <trkpt lat="36.509996" lon="126.878500"></trkpt>
      <trkpt lat="36.509076" lon="126.877443"></trkpt>
      <trkpt lat="36.508820" lon="126.876387"></trkpt>
      <trkpt lat="36.509005" lon="126.874934"></trkpt>
      <trkpt lat="36.508849" lon="126.874474"></trkpt>
      <trkpt lat="36.509264" lon="126.873558"></trkpt>
      <trkpt lat="36.509099" lon="126.873080"></trkpt>
      <trkpt lat="36.508536" lon="126.872570"></trkpt>
      <trkpt lat="36.508386" lon="126.872045"></trkpt>
      <trkpt lat="36.507968" lon="126.871595"></trkpt>
      <trkpt lat="36.507869" lon="126.870892"></trkpt>
      <trkpt lat="36.507100" lon="126.869695"></trkpt>
      <trkpt lat="36.507029" lon="126.868700"></trkpt>
      <trkpt lat="36.507156" lon="126.868286"></trkpt>
      <trkpt lat="36.506893" lon="126.868251"></trkpt>
      <trkpt lat="36.506396" lon="126.867715"></trkpt>
      <trkpt lat="36.506284" lon="126.867237"></trkpt>
      <trkpt lat="36.506468" lon="126.866369"></trkpt>
      <trkpt lat="36.506305" lon="126.865475"></trkpt>
      <trkpt lat="36.506392" lon="126.865270"></trkpt>
      <trkpt lat="36.505735" lon="126.863264"></trkpt>
      <trkpt lat="36.505953" lon="126.862684"></trkpt>
      <trkpt lat="36.505902" lon="126.862194"></trkpt>
      <trkpt lat="36.506207" lon="126.861696"></trkpt>
      <trkpt lat="36.506263" lon="126.860780"></trkpt>
      <trkpt lat="36.506111" lon="126.859389"></trkpt>
      <trkpt lat="36.506479" lon="126.858493"></trkpt>
      <trkpt lat="36.507013" lon="126.857818"></trkpt>
      <trkpt lat="36.507175" lon="126.857221"></trkpt>
      <trkpt lat="36.507127" lon="126.856924"></trkpt>
      <trkpt lat="36.507392" lon="126.856329"></trkpt>
      <trkpt lat="36.508202" lon="126.855397"></trkpt>
      <trkpt lat="36.508398" lon="126.854355"></trkpt>
      <trkpt lat="36.508108" lon="126.853332"></trkpt>
      <trkpt lat="36.507254" lon="126.853149"></trkpt>
      <trkpt lat="36.506610" lon="126.852562"></trkpt>
      <trkpt lat="36.506442" lon="126.851618"></trkpt>
      <trkpt lat="36.506572" lon="126.850537"></trkpt>
      <trkpt lat="36.506421" lon="126.849847"></trkpt>
      <trkpt lat="36.506452" lon="126.849379"></trkpt>
      <trkpt lat="36.505848" lon="126.849196"></trkpt>
      <trkpt lat="36.505095" lon="126.849342"></trkpt>
      <trkpt lat="36.504682" lon="126.849226"></trkpt>
      <trkpt lat="36.503688" lon="126.848439"></trkpt>
      <trkpt lat="36.503384" lon="126.847784"></trkpt>
      <trkpt lat="36.503354" lon="126.847238"></trkpt>
      <trkpt lat="36.502869" lon="126.846601"></trkpt>
      <trkpt lat="36.502446" lon="126.846335"></trkpt>
      <trkpt lat="36.501892" lon="126.846215"></trkpt>
      <trkpt lat="36.501553" lon="126.845835"></trkpt>
      <trkpt lat="36.501393" lon="126.845240"></trkpt>
      <trkpt lat="36.500808" lon="126.844145"></trkpt>
      <trkpt lat="36.500296" lon="126.843728"></trkpt>
      <trkpt lat="36.499749" lon="126.842947"></trkpt>
      <trkpt lat="36.499444" lon="126.841787"></trkpt>
      <trkpt lat="36.498724" lon="126.841565"></trkpt>
      <trkpt lat="36.498361" lon="126.841115"></trkpt>
      <trkpt lat="36.498030" lon="126.840403"></trkpt>
      <trkpt lat="36.496678" lon="126.839340"></trkpt>
      <trkpt lat="36.496346" lon="126.838870"></trkpt>
      <trkpt lat="36.496269" lon="126.838184"></trkpt>
      <trkpt lat="36.495800" lon="126.838000"></trkpt>
      <trkpt lat="36.495555" lon="126.838263"></trkpt>
      <trkpt lat="36.495250" lon="126.838353"></trkpt>
      <trkpt lat="36.494972" lon="126.838252"></trkpt>
      <trkpt lat="36.494307" lon="126.838610"></trkpt>
      <trkpt lat="36.493838" lon="126.838222"></trkpt>
      <trkpt lat="36.493536" lon="126.837355"></trkpt>
      <trkpt lat="36.493090" lon="126.837130"></trkpt>
      <trkpt lat="36.492627" lon="126.836607"></trkpt>
      <trkpt lat="36.492119" lon="126.836707"></trkpt>
      <trkpt lat="36.491508" lon="126.835477"></trkpt>
      <trkpt lat="36.490798" lon="126.835565"></trkpt>
      <trkpt lat="36.490290" lon="126.836081"></trkpt>
      <trkpt lat="36.489726" lon="126.835926"></trkpt>
      <trkpt lat="36.489132" lon="126.834909"></trkpt>
      <trkpt lat="36.489125" lon="126.834428"></trkpt>
      <trkpt lat="36.489293" lon="126.833990"></trkpt>
      <trkpt lat="36.489171" lon="126.833586"></trkpt>
      <trkpt lat="36.488504" lon="126.833140"></trkpt>
      <trkpt lat="36.488232" lon="126.833181"></trkpt>
      <trkpt lat="36.488018" lon="126.832623"></trkpt>
      <trkpt lat="36.487504" lon="126.832239"></trkpt>
      <trkpt lat="36.487166" lon="126.832129"></trkpt>
      <trkpt lat="36.486702" lon="126.832247"></trkpt>
      <trkpt lat="36.486548" lon="126.831915"></trkpt>
      <trkpt lat="36.486922" lon="126.830774"></trkpt>
      <trkpt lat="36.486244" lon="126.830037"></trkpt>
      <trkpt lat="36.486285" lon="126.829458"></trkpt>
      <trkpt lat="36.485704" lon="126.829377"></trkpt>
      <trkpt lat="36.485759" lon="126.828417"></trkpt>
      <trkpt lat="36.486081" lon="126.827366"></trkpt>
      <trkpt lat="36.486576" lon="126.826622"></trkpt>
      <trkpt lat="36.487107" lon="126.826545"></trkpt>
      <trkpt lat="36.487501" lon="126.826267"></trkpt>
      <trkpt lat="36.487587" lon="126.825955"></trkpt>
      <trkpt lat="36.487843" lon="126.825670"></trkpt>
      <trkpt lat="36.488695" lon="126.825090"></trkpt>
      <trkpt lat="36.489525" lon="126.824929"></trkpt>
      <trkpt lat="36.489930" lon="126.824659"></trkpt>
      <trkpt lat="36.490119" lon="126.824163"></trkpt>
      <trkpt lat="36.490103" lon="126.823319"></trkpt>
      <trkpt lat="36.490391" lon="126.822393"></trkpt>
      <trkpt lat="36.489827" lon="126.819986"></trkpt>
      <trkpt lat="36.489447" lon="126.819505"></trkpt>
      <trkpt lat="36.489290" lon="126.818810"></trkpt>
      <trkpt lat="36.489255" lon="126.817672"></trkpt>
      <trkpt lat="36.488617" lon="126.816828"></trkpt>
      <trkpt lat="36.487993" lon="126.816373"></trkpt>
      <trkpt lat="36.487729" lon="126.815998"></trkpt>
      <trkpt lat="36.487459" lon="126.814350"></trkpt>
      <trkpt lat="36.486825" lon="126.813646"></trkpt>
      <trkpt lat="36.486337" lon="126.812858"></trkpt>
      <trkpt lat="36.485903" lon="126.813006"></trkpt>
      <trkpt lat="36.485501" lon="126.813412"></trkpt>
      <trkpt lat="36.485187" lon="126.813421"></trkpt>
      <trkpt lat="36.484665" lon="126.813173"></trkpt>
      <trkpt lat="36.483490" lon="126.813752"></trkpt>
      <trkpt lat="36.482794" lon="126.812899"></trkpt>
      <trkpt lat="36.482372" lon="126.812154"></trkpt>
      <trkpt lat="36.481693" lon="126.812879"></trkpt>
      <trkpt lat="36.480378" lon="126.812475"></trkpt>
      <trkpt lat="36.479943" lon="126.812042"></trkpt>
      <trkpt lat="36.478966" lon="126.811556"></trkpt>
      <trkpt lat="36.478617" lon="126.810933"></trkpt>
      <trkpt lat="36.478592" lon="126.810379"></trkpt>
      <trkpt lat="36.478188" lon="126.810406"></trkpt>
      <trkpt lat="36.477642" lon="126.809908"></trkpt>
      <trkpt lat="36.477195" lon="126.809986"></trkpt>
      <trkpt lat="36.476201" lon="126.810648"></trkpt>
      <trkpt lat="36.475558" lon="126.810851"></trkpt>
      <trkpt lat="36.474867" lon="126.810738"></trkpt>
      <trkpt lat="36.473770" lon="126.811104"></trkpt>
      <trkpt lat="36.472609" lon="126.811076"></trkpt>
      <trkpt lat="36.472151" lon="126.811401"></trkpt>
      <trkpt lat="36.471231" lon="126.811487"></trkpt>
      <trkpt lat="36.471148" lon="126.811369"></trkpt>
      <trkpt lat="36.471259" lon="126.811080"></trkpt>
      <trkpt lat="36.471176" lon="126.811008"></trkpt>
      <trkpt lat="36.471457" lon="126.810730"></trkpt>
      <trkpt lat="36.471740" lon="126.809890"></trkpt>
      <trkpt lat="36.471490" lon="126.809312"></trkpt>
      <trkpt lat="36.470963" lon="126.809015"></trkpt>
      <trkpt lat="36.470648" lon="126.808558"></trkpt>
      <trkpt lat="36.470843" lon="126.808292"></trkpt>
      <trkpt lat="36.470480" lon="126.808047"></trkpt>
      <trkpt lat="36.470279" lon="126.807650"></trkpt>
      <trkpt lat="36.470281" lon="126.807402"></trkpt>
      <trkpt lat="36.470043" lon="126.807451"></trkpt>
      <trkpt lat="36.469879" lon="126.807310"></trkpt>
      <trkpt lat="36.469763" lon="126.807030"></trkpt>
      <trkpt lat="36.469961" lon="126.806754"></trkpt>
      <trkpt lat="36.469548" lon="126.806457"></trkpt>
      <trkpt lat="36.469898" lon="126.804838"></trkpt>
      <trkpt lat="36.469635" lon="126.804342"></trkpt>
      <trkpt lat="36.469590" lon="126.803920"></trkpt>
      <trkpt lat="36.468989" lon="126.802998"></trkpt>
      <trkpt lat="36.468425" lon="126.801226"></trkpt>
      <trkpt lat="36.468350" lon="126.801332"></trkpt>
      <trkpt lat="36.468142" lon="126.801254"></trkpt>
      <trkpt lat="36.467882" lon="126.799771"></trkpt>
      <trkpt lat="36.467615" lon="126.799585"></trkpt>
      <trkpt lat="36.467403" lon="126.799625"></trkpt>
      <trkpt lat="36.467274" lon="126.799417"></trkpt>
      <trkpt lat="36.467230" lon="126.798724"></trkpt>
      <trkpt lat="36.465996" lon="126.798557"></trkpt>
      <trkpt lat="36.466121" lon="126.797884"></trkpt>
      <trkpt lat="36.466527" lon="126.797738"></trkpt>
      <trkpt lat="36.467077" lon="126.797291"></trkpt>
      <trkpt lat="36.467167" lon="126.796659"></trkpt>
      <trkpt lat="36.467487" lon="126.796664"></trkpt>
      <trkpt lat="36.467946" lon="126.796219"></trkpt>
      <trkpt lat="36.468452" lon="126.796154"></trkpt>
      <trkpt lat="36.468263" lon="126.795807"></trkpt>
      <trkpt lat="36.468457" lon="126.795490"></trkpt>
      <trkpt lat="36.468372" lon="126.794799"></trkpt>
      <trkpt lat="36.468830" lon="126.793575"></trkpt>
      <trkpt lat="36.469370" lon="126.793008"></trkpt>
      <trkpt lat="36.470047" lon="126.792996"></trkpt>
      <trkpt lat="36.470361" lon="126.790904"></trkpt>
      <trkpt lat="36.470123" lon="126.790129"></trkpt>
      <trkpt lat="36.470682" lon="126.788919"></trkpt>
      <trkpt lat="36.470564" lon="126.788293"></trkpt>
      <trkpt lat="36.470810" lon="126.787826"></trkpt>
      <trkpt lat="36.471025" lon="126.786810"></trkpt>
      <trkpt lat="36.471530" lon="126.785864"></trkpt>
      <trkpt lat="36.471962" lon="126.785912"></trkpt>
      <trkpt lat="36.472562" lon="126.785321"></trkpt>
      <trkpt lat="36.472769" lon="126.784862"></trkpt>
      <trkpt lat="36.472561" lon="126.783191"></trkpt>
      <trkpt lat="36.473116" lon="126.782998"></trkpt>
      <trkpt lat="36.473371" lon="126.782686"></trkpt>
      <trkpt lat="36.473812" lon="126.781257"></trkpt>
      <trkpt lat="36.474203" lon="126.780883"></trkpt>
      <trkpt lat="36.474967" lon="126.780894"></trkpt>
      <trkpt lat="36.475315" lon="126.780525"></trkpt>
      <trkpt lat="36.475348" lon="126.780333"></trkpt>
      <trkpt lat="36.475108" lon="126.779573"></trkpt>
      <trkpt lat="36.475369" lon="126.778820"></trkpt>
      <trkpt lat="36.475310" lon="126.777751"></trkpt>
      <trkpt lat="36.475470" lon="126.777039"></trkpt>
      <trkpt lat="36.476128" lon="126.776792"></trkpt>
      <trkpt lat="36.476815" lon="126.776289"></trkpt>
      <trkpt lat="36.476926" lon="126.775489"></trkpt>
      <trkpt lat="36.476386" lon="126.774808"></trkpt>
      <trkpt lat="36.476221" lon="126.774337"></trkpt>
      <trkpt lat="36.476374" lon="126.773671"></trkpt>
      <trkpt lat="36.476243" lon="126.773044"></trkpt>
      <trkpt lat="36.476357" lon="126.772575"></trkpt>
      <trkpt lat="36.475715" lon="126.771631"></trkpt>
      <trkpt lat="36.475693" lon="126.770773"></trkpt>
      <trkpt lat="36.475462" lon="126.770617"></trkpt>
      <trkpt lat="36.475511" lon="126.769894"></trkpt>
      <trkpt lat="36.475270" lon="126.769392"></trkpt>
      <trkpt lat="36.475228" lon="126.768581"></trkpt>
      <trkpt lat="36.474490" lon="126.767376"></trkpt>
      <trkpt lat="36.474351" lon="126.766102"></trkpt>
      <trkpt lat="36.473992" lon="126.765883"></trkpt>
      <trkpt lat="36.473640" lon="126.765398"></trkpt>
      <trkpt lat="36.473548" lon="126.764845"></trkpt>
      <trkpt lat="36.473339" lon="126.764473"></trkpt>
      <trkpt lat="36.472844" lon="126.764232"></trkpt>
      <trkpt lat="36.472169" lon="126.763567"></trkpt>
      <trkpt lat="36.471732" lon="126.763408"></trkpt>
      <trkpt lat="36.471102" lon="126.762771"></trkpt>
      <trkpt lat="36.470938" lon="126.762440"></trkpt>
      <trkpt lat="36.470265" lon="126.761886"></trkpt>
      <trkpt lat="36.469722" lon="126.761793"></trkpt>
      <trkpt lat="36.469417" lon="126.761935"></trkpt>
      <trkpt lat="36.468285" lon="126.761095"></trkpt>
      <trkpt lat="36.467748" lon="126.760463"></trkpt>
      <trkpt lat="36.466661" lon="126.760692"></trkpt>
      <trkpt lat="36.465904" lon="126.760513"></trkpt>
      <trkpt lat="36.465409" lon="126.761173"></trkpt>
      <trkpt lat="36.465088" lon="126.762187"></trkpt>
      <trkpt lat="36.463616" lon="126.761203"></trkpt>
      <trkpt lat="36.463314" lon="126.760762"></trkpt>
      <trkpt lat="36.462278" lon="126.759903"></trkpt>
      <trkpt lat="36.461530" lon="126.760618"></trkpt>
      <trkpt lat="36.460731" lon="126.760801"></trkpt>
      <trkpt lat="36.460313" lon="126.760689"></trkpt>
      <trkpt lat="36.459789" lon="126.760123"></trkpt>
      <trkpt lat="36.459003" lon="126.758011"></trkpt>
      <trkpt lat="36.458413" lon="126.757688"></trkpt>
      <trkpt lat="36.458118" lon="126.757204"></trkpt>
      <trkpt lat="36.457414" lon="126.756958"></trkpt>
      <trkpt lat="36.457340" lon="126.756360"></trkpt>
      <trkpt lat="36.456519" lon="126.755751"></trkpt>
      <trkpt lat="36.456478" lon="126.755288"></trkpt>
      <trkpt lat="36.456015" lon="126.754654"></trkpt>
      <trkpt lat="36.455931" lon="126.754162"></trkpt>
      <trkpt lat="36.455331" lon="126.753736"></trkpt>
      <trkpt lat="36.455056" lon="126.753300"></trkpt>
      <trkpt lat="36.454643" lon="126.753243"></trkpt>
      <trkpt lat="36.454151" lon="126.752713"></trkpt>
      <trkpt lat="36.453443" lon="126.752488"></trkpt>
      <trkpt lat="36.453043" lon="126.751820"></trkpt>
      <trkpt lat="36.451943" lon="126.751689"></trkpt>
      <trkpt lat="36.451699" lon="126.751332"></trkpt>
      <trkpt lat="36.451447" lon="126.751342"></trkpt>
      <trkpt lat="36.451411" lon="126.751577"></trkpt>
      <trkpt lat="36.451130" lon="126.751689"></trkpt>
      <trkpt lat="36.451145" lon="126.751996"></trkpt>
      <trkpt lat="36.451460" lon="126.752294"></trkpt>
      <trkpt lat="36.451350" lon="126.752383"></trkpt>
      <trkpt lat="36.450692" lon="126.752297"></trkpt>
      <trkpt lat="36.450404" lon="126.752117"></trkpt>
      <trkpt lat="36.450403" lon="126.751959"></trkpt>
      <trkpt lat="36.450246" lon="126.752091"></trkpt>
      <trkpt lat="36.449132" lon="126.751978"></trkpt>
      <trkpt lat="36.448847" lon="126.752169"></trkpt>
      <trkpt lat="36.448710" lon="126.752101"></trkpt>
      <trkpt lat="36.448616" lon="126.752301"></trkpt>
      <trkpt lat="36.448243" lon="126.752201"></trkpt>
      <trkpt lat="36.448033" lon="126.752305"></trkpt>
      <trkpt lat="36.447341" lon="126.751837"></trkpt>
      <trkpt lat="36.446902" lon="126.751784"></trkpt>
      <trkpt lat="36.445815" lon="126.751173"></trkpt>
      <trkpt lat="36.445500" lon="126.751594"></trkpt>
      <trkpt lat="36.445220" lon="126.752774"></trkpt>
      <trkpt lat="36.444993" lon="126.753083"></trkpt>
      <trkpt lat="36.444635" lon="126.753190"></trkpt>
      <trkpt lat="36.444111" lon="126.753728"></trkpt>
      <trkpt lat="36.443782" lon="126.753802"></trkpt>
      <trkpt lat="36.443356" lon="126.754903"></trkpt>
      <trkpt lat="36.442815" lon="126.755584"></trkpt>
      <trkpt lat="36.442703" lon="126.756181"></trkpt>
      <trkpt lat="36.442393" lon="126.756818"></trkpt>
      <trkpt lat="36.442199" lon="126.756894"></trkpt>
      <trkpt lat="36.441533" lon="126.756651"></trkpt>
      <trkpt lat="36.441556" lon="126.756960"></trkpt>
      <trkpt lat="36.441390" lon="126.757177"></trkpt>
      <trkpt lat="36.441323" lon="126.757607"></trkpt>
      <trkpt lat="36.441079" lon="126.757427"></trkpt>
      <trkpt lat="36.440645" lon="126.757794"></trkpt>
      <trkpt lat="36.440330" lon="126.757017"></trkpt>
      <trkpt lat="36.439948" lon="126.756574"></trkpt>
      <trkpt lat="36.439884" lon="126.756213"></trkpt>
      <trkpt lat="36.438593" lon="126.756168"></trkpt>
      <trkpt lat="36.438242" lon="126.755790"></trkpt>
      <trkpt lat="36.437983" lon="126.755805"></trkpt>
      <trkpt lat="36.437723" lon="126.755506"></trkpt>
      <trkpt lat="36.437609" lon="126.755073"></trkpt>
      <trkpt lat="36.435696" lon="126.753906"></trkpt>
      <trkpt lat="36.435235" lon="126.752572"></trkpt>
      <trkpt lat="36.434334" lon="126.752067"></trkpt>
      <trkpt lat="36.433163" lon="126.751726"></trkpt>
      <trkpt lat="36.432721" lon="126.751923"></trkpt>
      <trkpt lat="36.432077" lon="126.751926"></trkpt>
      <trkpt lat="36.431555" lon="126.752444"></trkpt>
      <trkpt lat="36.430982" lon="126.752463"></trkpt>
      <trkpt lat="36.430675" lon="126.752767"></trkpt>
      <trkpt lat="36.430265" lon="126.752805"></trkpt>
      <trkpt lat="36.429811" lon="126.752745"></trkpt>
      <trkpt lat="36.428696" lon="126.751896"></trkpt>
      <trkpt lat="36.428313" lon="126.751935"></trkpt>
      <trkpt lat="36.427916" lon="126.752248"></trkpt>
      <trkpt lat="36.426848" lon="126.752046"></trkpt>
      <trkpt lat="36.426272" lon="126.750925"></trkpt>
      <trkpt lat="36.425516" lon="126.750420"></trkpt>
      <trkpt lat="36.425125" lon="126.749879"></trkpt>
      <trkpt lat="36.424479" lon="126.749870"></trkpt>
      <trkpt lat="36.424107" lon="126.749589"></trkpt>
      <trkpt lat="36.423830" lon="126.749054"></trkpt>
      <trkpt lat="36.423299" lon="126.748600"></trkpt>
      <trkpt lat="36.423024" lon="126.747944"></trkpt>
      <trkpt lat="36.422717" lon="126.747647"></trkpt>
      <trkpt lat="36.422253" lon="126.747490"></trkpt>
      <trkpt lat="36.421928" lon="126.746765"></trkpt>
      <trkpt lat="36.422145" lon="126.745703"></trkpt>
      <trkpt lat="36.422089" lon="126.745324"></trkpt>
      <trkpt lat="36.422277" lon="126.744898"></trkpt>
      <trkpt lat="36.422221" lon="126.744093"></trkpt>
      <trkpt lat="36.422706" lon="126.743015"></trkpt>
      <trkpt lat="36.422640" lon="126.742056"></trkpt>
      <trkpt lat="36.422775" lon="126.741575"></trkpt>
      <trkpt lat="36.423396" lon="126.740682"></trkpt>
      <trkpt lat="36.423245" lon="126.739855"></trkpt>
      <trkpt lat="36.422930" lon="126.739028"></trkpt>
      <trkpt lat="36.422211" lon="126.738473"></trkpt>
      <trkpt lat="36.421887" lon="126.737995"></trkpt>
      <trkpt lat="36.420812" lon="126.737964"></trkpt>
      <trkpt lat="36.420243" lon="126.737600"></trkpt>
      <trkpt lat="36.419322" lon="126.736514"></trkpt>
      <trkpt lat="36.418884" lon="126.734656"></trkpt>
      <trkpt lat="36.418605" lon="126.734016"></trkpt>
      <trkpt lat="36.418437" lon="126.733228"></trkpt>
      <trkpt lat="36.418500" lon="126.732709"></trkpt>
      <trkpt lat="36.418109" lon="126.731800"></trkpt>
      <trkpt lat="36.417981" lon="126.730851"></trkpt>
      <trkpt lat="36.416233" lon="126.729680"></trkpt>
      <trkpt lat="36.415833" lon="126.729871"></trkpt>
      <trkpt lat="36.415561" lon="126.729799"></trkpt>
      <trkpt lat="36.414833" lon="126.729951"></trkpt>
      <trkpt lat="36.413228" lon="126.728190"></trkpt>
      <trkpt lat="36.412378" lon="126.726839"></trkpt>
      <trkpt lat="36.412207" lon="126.726359"></trkpt>
      <trkpt lat="36.412031" lon="126.726356"></trkpt>
      <trkpt lat="36.411828" lon="126.725771"></trkpt>
      <trkpt lat="36.411655" lon="126.726384"></trkpt>
      <trkpt lat="36.411129" lon="126.726109"></trkpt>
      <trkpt lat="36.410982" lon="126.725355"></trkpt>
      <trkpt lat="36.410691" lon="126.725008"></trkpt>
      <trkpt lat="36.410208" lon="126.724822"></trkpt>
      <trkpt lat="36.409687" lon="126.723880"></trkpt>
      <trkpt lat="36.409392" lon="126.723683"></trkpt>
      <trkpt lat="36.409038" lon="126.723758"></trkpt>
      <trkpt lat="36.408259" lon="126.724424"></trkpt>
      <trkpt lat="36.406622" lon="126.724216"></trkpt>
      <trkpt lat="36.406202" lon="126.723738"></trkpt>
      <trkpt lat="36.406067" lon="126.723239"></trkpt>
      <trkpt lat="36.405386" lon="126.722884"></trkpt>
      <trkpt lat="36.404668" lon="126.722297"></trkpt>
      <trkpt lat="36.404172" lon="126.720821"></trkpt>
      <trkpt lat="36.403680" lon="126.720202"></trkpt>
      <trkpt lat="36.403045" lon="126.719962"></trkpt>
      <trkpt lat="36.402155" lon="126.720042"></trkpt>
      <trkpt lat="36.401484" lon="126.719766"></trkpt>
      <trkpt lat="36.401202" lon="126.719473"></trkpt>
      <trkpt lat="36.400686" lon="126.719714"></trkpt>
      <trkpt lat="36.400337" lon="126.719541"></trkpt>
      <trkpt lat="36.399935" lon="126.719553"></trkpt>
      <trkpt lat="36.399448" lon="126.718937"></trkpt>
      <trkpt lat="36.398679" lon="126.718644"></trkpt>
      <trkpt lat="36.397940" lon="126.718594"></trkpt>
      <trkpt lat="36.397555" lon="126.718906"></trkpt>
      <trkpt lat="36.396833" lon="126.718888"></trkpt>
      <trkpt lat="36.396664" lon="126.718773"></trkpt>
      <trkpt lat="36.396267" lon="126.717488"></trkpt>
      <trkpt lat="36.395880" lon="126.717197"></trkpt>
      <trkpt lat="36.395742" lon="126.716518"></trkpt>
      <trkpt lat="36.395150" lon="126.715421"></trkpt>
      <trkpt lat="36.394376" lon="126.714824"></trkpt>
      <trkpt lat="36.393656" lon="126.714569"></trkpt>
      <trkpt lat="36.393176" lon="126.713966"></trkpt>
      <trkpt lat="36.392528" lon="126.713502"></trkpt>
      <trkpt lat="36.392636" lon="126.713243"></trkpt>
      <trkpt lat="36.392955" lon="126.713012"></trkpt>
      <trkpt lat="36.394126" lon="126.712984"></trkpt>
      <trkpt lat="36.394983" lon="126.712479"></trkpt>
      <trkpt lat="36.396097" lon="126.710809"></trkpt>
      <trkpt lat="36.396167" lon="126.709783"></trkpt>
      <trkpt lat="36.396501" lon="126.709191"></trkpt>
      <trkpt lat="36.398567" lon="126.709154"></trkpt>
      <trkpt lat="36.398809" lon="126.709407"></trkpt>
      <trkpt lat="36.400362" lon="126.709722"></trkpt>
      <trkpt lat="36.401696" lon="126.708253"></trkpt>
      <trkpt lat="36.402548" lon="126.707853"></trkpt>
      <trkpt lat="36.403030" lon="126.706787"></trkpt>
      <trkpt lat="36.403672" lon="126.706663"></trkpt>
      <trkpt lat="36.404457" lon="126.706025"></trkpt>
      <trkpt lat="36.404780" lon="126.705416"></trkpt>
      <trkpt lat="36.404546" lon="126.704831"></trkpt>
      <trkpt lat="36.404780" lon="126.704483"></trkpt>
      <trkpt lat="36.404880" lon="126.703939"></trkpt>
      <trkpt lat="36.404743" lon="126.703737"></trkpt>
      <trkpt lat="36.404740" lon="126.703357"></trkpt>
      <trkpt lat="36.404881" lon="126.703218"></trkpt>
      <trkpt lat="36.404958" lon="126.703309"></trkpt>
      <trkpt lat="36.405253" lon="126.702581"></trkpt>
      <trkpt lat="36.405274" lon="126.702135"></trkpt>
      <trkpt lat="36.405622" lon="126.701463"></trkpt>
      <trkpt lat="36.405795" lon="126.700756"></trkpt>
      <trkpt lat="36.406452" lon="126.700585"></trkpt>
      <trkpt lat="36.406870" lon="126.700171"></trkpt>
      <trkpt lat="36.406899" lon="126.699127"></trkpt>
      <trkpt lat="36.407034" lon="126.698843"></trkpt>
      <trkpt lat="36.407310" lon="126.698697"></trkpt>
      <trkpt lat="36.407418" lon="126.698318"></trkpt>
      <trkpt lat="36.407832" lon="126.698052"></trkpt>
      <trkpt lat="36.407460" lon="126.697392"></trkpt>
      <trkpt lat="36.407588" lon="126.696487"></trkpt>
      <trkpt lat="36.407782" lon="126.696531"></trkpt>
      <trkpt lat="36.408135" lon="126.696194"></trkpt>
      <trkpt lat="36.408383" lon="126.696209"></trkpt>
      <trkpt lat="36.409122" lon="126.694680"></trkpt>
      <trkpt lat="36.409450" lon="126.694407"></trkpt>
      <trkpt lat="36.409641" lon="126.694472"></trkpt>
      <trkpt lat="36.409778" lon="126.694224"></trkpt>
      <trkpt lat="36.409757" lon="126.693917"></trkpt>
      <trkpt lat="36.410198" lon="126.693238"></trkpt>
      <trkpt lat="36.410409" lon="126.692463"></trkpt>
      <trkpt lat="36.410598" lon="126.692285"></trkpt>
      <trkpt lat="36.410788" lon="126.691732"></trkpt>
      <trkpt lat="36.411309" lon="126.691165"></trkpt>
      <trkpt lat="36.412724" lon="126.691020"></trkpt>
      <trkpt lat="36.413103" lon="126.690864"></trkpt>
      <trkpt lat="36.413566" lon="126.690242"></trkpt>
      <trkpt lat="36.413865" lon="126.690223"></trkpt>
      <trkpt lat="36.414766" lon="126.690860"></trkpt>
      <trkpt lat="36.416069" lon="126.690678"></trkpt>
      <trkpt lat="36.416713" lon="126.691013"></trkpt>
      <trkpt lat="36.417181" lon="126.691503"></trkpt>
      <trkpt lat="36.417543" lon="126.691458"></trkpt>
      <trkpt lat="36.418913" lon="126.691753"></trkpt>
      <trkpt lat="36.419149" lon="126.691983"></trkpt>
      <trkpt lat="36.419481" lon="126.692729"></trkpt>
      <trkpt lat="36.419778" lon="126.692888"></trkpt>
      <trkpt lat="36.419816" lon="126.692719"></trkpt>
      <trkpt lat="36.420341" lon="126.692337"></trkpt>
      <trkpt lat="36.420499" lon="126.691970"></trkpt>
      <trkpt lat="36.420800" lon="126.691703"></trkpt>
      <trkpt lat="36.422017" lon="126.691517"></trkpt>
      <trkpt lat="36.422962" lon="126.690405"></trkpt>
      <trkpt lat="36.423418" lon="126.690319"></trkpt>
      <trkpt lat="36.423611" lon="126.690117"></trkpt>
      <trkpt lat="36.424131" lon="126.690143"></trkpt>
      <trkpt lat="36.424541" lon="126.689478"></trkpt>
      <trkpt lat="36.424887" lon="126.689404"></trkpt>
      <trkpt lat="36.425525" lon="126.688875"></trkpt>
      <trkpt lat="36.425882" lon="126.688935"></trkpt>
      <trkpt lat="36.426701" lon="126.689407"></trkpt>
      <trkpt lat="36.427106" lon="126.690143"></trkpt>
      <trkpt lat="36.426961" lon="126.690793"></trkpt>
      <trkpt lat="36.427284" lon="126.691073"></trkpt>
      <trkpt lat="36.427460" lon="126.690991"></trkpt>
      <trkpt lat="36.427677" lon="126.691147"></trkpt>
      <trkpt lat="36.428252" lon="126.691143"></trkpt>
      <trkpt lat="36.428644" lon="126.691037"></trkpt>
      <trkpt lat="36.429081" lon="126.691391"></trkpt>
      <trkpt lat="36.429551" lon="126.690985"></trkpt>
      <trkpt lat="36.429921" lon="126.691013"></trkpt>
      <trkpt lat="36.430177" lon="126.690739"></trkpt>
      <trkpt lat="36.430198" lon="126.690127"></trkpt>
      <trkpt lat="36.430369" lon="126.689674"></trkpt>
      <trkpt lat="36.431219" lon="126.688747"></trkpt>
      <trkpt lat="36.432190" lon="126.689042"></trkpt>
      <trkpt lat="36.433161" lon="126.688539"></trkpt>
      <trkpt lat="36.433578" lon="126.687882"></trkpt>
      <trkpt lat="36.434120" lon="126.687326"></trkpt>
      <trkpt lat="36.434253" lon="126.686976"></trkpt>
      <trkpt lat="36.434911" lon="126.686247"></trkpt>
      <trkpt lat="36.435142" lon="126.685175"></trkpt>
      <trkpt lat="36.435742" lon="126.684756"></trkpt>
      <trkpt lat="36.435912" lon="126.684327"></trkpt>
      <trkpt lat="36.436295" lon="126.684092"></trkpt>
      <trkpt lat="36.437416" lon="126.684464"></trkpt>
      <trkpt lat="36.438018" lon="126.684100"></trkpt>
      <trkpt lat="36.438548" lon="126.684243"></trkpt>
      <trkpt lat="36.438990" lon="126.685380"></trkpt>
      <trkpt lat="36.439482" lon="126.685802"></trkpt>
      <trkpt lat="36.440163" lon="126.686096"></trkpt>
      <trkpt lat="36.440599" lon="126.686623"></trkpt>
      <trkpt lat="36.441629" lon="126.686658"></trkpt>
      <trkpt lat="36.441810" lon="126.687002"></trkpt>
      <trkpt lat="36.442398" lon="126.687265"></trkpt>
      <trkpt lat="36.442898" lon="126.687214"></trkpt>
      <trkpt lat="36.443499" lon="126.687382"></trkpt>
      <trkpt lat="36.443760" lon="126.687232"></trkpt>
      <trkpt lat="36.444626" lon="126.688238"></trkpt>
      <trkpt lat="36.445471" lon="126.688876"></trkpt>
      <trkpt lat="36.445775" lon="126.688668"></trkpt>
      <trkpt lat="36.446001" lon="126.688721"></trkpt>
      <trkpt lat="36.447033" lon="126.687921"></trkpt>
      <trkpt lat="36.447893" lon="126.688089"></trkpt>
      <trkpt lat="36.448220" lon="126.687877"></trkpt>
      <trkpt lat="36.448449" lon="126.687484"></trkpt>
      <trkpt lat="36.448122" lon="126.686849"></trkpt>
      <trkpt lat="36.447847" lon="126.686691"></trkpt>
      <trkpt lat="36.447746" lon="126.686105"></trkpt>
      <trkpt lat="36.447550" lon="126.685774"></trkpt>
      <trkpt lat="36.447972" lon="126.684630"></trkpt>
      <trkpt lat="36.448298" lon="126.684464"></trkpt>
      <trkpt lat="36.448106" lon="126.684010"></trkpt>
      <trkpt lat="36.448230" lon="126.683764"></trkpt>
      <trkpt lat="36.448412" lon="126.681358"></trkpt>
      <trkpt lat="36.449118" lon="126.680219"></trkpt>
      <trkpt lat="36.449247" lon="126.679795"></trkpt>
      <trkpt lat="36.449536" lon="126.679565"></trkpt>
      <trkpt lat="36.449993" lon="126.678390"></trkpt>
      <trkpt lat="36.450505" lon="126.677474"></trkpt>
      <trkpt lat="36.451457" lon="126.677073"></trkpt>
      <trkpt lat="36.451950" lon="126.677249"></trkpt>
      <trkpt lat="36.452804" lon="126.677234"></trkpt>
      <trkpt lat="36.453276" lon="126.676079"></trkpt>
      <trkpt lat="36.454755" lon="126.675608"></trkpt>
      <trkpt lat="36.454942" lon="126.675306"></trkpt>
      <trkpt lat="36.455905" lon="126.674995"></trkpt>
      <trkpt lat="36.456760" lon="126.674371"></trkpt>
      <trkpt lat="36.457280" lon="126.674191"></trkpt>
      <trkpt lat="36.457584" lon="126.674483"></trkpt>
      <trkpt lat="36.457970" lon="126.674579"></trkpt>
      <trkpt lat="36.459041" lon="126.674544"></trkpt>
      <trkpt lat="36.459613" lon="126.674946"></trkpt>
      <trkpt lat="36.460461" lon="126.674263"></trkpt>
      <trkpt lat="36.461663" lon="126.673851"></trkpt>
      <trkpt lat="36.462277" lon="126.673467"></trkpt>
      <trkpt lat="36.462676" lon="126.673957"></trkpt>
      <trkpt lat="36.462501" lon="126.674572"></trkpt>
      <trkpt lat="36.462461" lon="126.675267"></trkpt>
      <trkpt lat="36.462630" lon="126.676229"></trkpt>
      <trkpt lat="36.462863" lon="126.676585"></trkpt>
      <trkpt lat="36.463552" lon="126.676959"></trkpt>
      <trkpt lat="36.463548" lon="126.677962"></trkpt>
      <trkpt lat="36.463805" lon="126.678104"></trkpt>
      <trkpt lat="36.464035" lon="126.678801"></trkpt>
      <trkpt lat="36.465980" lon="126.680365"></trkpt>
      <trkpt lat="36.466283" lon="126.681242"></trkpt>
      <trkpt lat="36.466698" lon="126.681566"></trkpt>
      <trkpt lat="36.466901" lon="126.681962"></trkpt>
      <trkpt lat="36.467286" lon="126.682179"></trkpt>
      <trkpt lat="36.467530" lon="126.682670"></trkpt>
      <trkpt lat="36.467888" lon="126.682985"></trkpt>
      <trkpt lat="36.468167" lon="126.683718"></trkpt>
      <trkpt lat="36.468275" lon="126.684808"></trkpt>
      <trkpt lat="36.468728" lon="126.685168"></trkpt>
      <trkpt lat="36.468852" lon="126.686466"></trkpt>
      <trkpt lat="36.469284" lon="126.686793"></trkpt>
      <trkpt lat="36.469796" lon="126.687519"></trkpt>
      <trkpt lat="36.469885" lon="126.687947"></trkpt>
      <trkpt lat="36.470354" lon="126.688261"></trkpt>
      <trkpt lat="36.471083" lon="126.688167"></trkpt>
      <trkpt lat="36.471308" lon="126.687949"></trkpt>
      <trkpt lat="36.472911" lon="126.687535"></trkpt>
      <trkpt lat="36.473066" lon="126.687177"></trkpt>
      <trkpt lat="36.473608" lon="126.686670"></trkpt>
      <trkpt lat="36.473829" lon="126.686273"></trkpt>
      <trkpt lat="36.474154" lon="126.686142"></trkpt>
      <trkpt lat="36.474351" lon="126.685856"></trkpt>
      <trkpt lat="36.474698" lon="126.686008"></trkpt>
      <trkpt lat="36.475732" lon="126.685860"></trkpt>
      <trkpt lat="36.476242" lon="126.685536"></trkpt>
      <trkpt lat="36.476725" lon="126.685488"></trkpt>
      <trkpt lat="36.476963" lon="126.685106"></trkpt>
      <trkpt lat="36.476927" lon="126.684758"></trkpt>
      <trkpt lat="36.477989" lon="126.684444"></trkpt>
      <trkpt lat="36.478236" lon="126.684130"></trkpt>
      <trkpt lat="36.478355" lon="126.683713"></trkpt>
      <trkpt lat="36.478819" lon="126.684140"></trkpt>
      <trkpt lat="36.480573" lon="126.684309"></trkpt>
      <trkpt lat="36.480649" lon="126.684643"></trkpt>
      <trkpt lat="36.480839" lon="126.684800"></trkpt>
      <trkpt lat="36.480983" lon="126.685651"></trkpt>
      <trkpt lat="36.481246" lon="126.686218"></trkpt>
      <trkpt lat="36.481181" lon="126.686379"></trkpt>
      <trkpt lat="36.481537" lon="126.686813"></trkpt>
      <trkpt lat="36.482080" lon="126.686747"></trkpt>
      <trkpt lat="36.483198" lon="126.687473"></trkpt>
      <trkpt lat="36.484256" lon="126.687609"></trkpt>
      <trkpt lat="36.484887" lon="126.688056"></trkpt>
      <trkpt lat="36.485093" lon="126.687925"></trkpt>
      <trkpt lat="36.485075" lon="126.687472"></trkpt>
      <trkpt lat="36.485371" lon="126.687343"></trkpt>
      <trkpt lat="36.485545" lon="126.687547"></trkpt>
      <trkpt lat="36.485649" lon="126.687983"></trkpt>
      <trkpt lat="36.486141" lon="126.687812"></trkpt>
      <trkpt lat="36.486320" lon="126.687972"></trkpt>
      <trkpt lat="36.486845" lon="126.687957"></trkpt>
      <trkpt lat="36.487375" lon="126.688132"></trkpt>
      <trkpt lat="36.488638" lon="126.688068"></trkpt>
      <trkpt lat="36.488859" lon="126.686946"></trkpt>
      <trkpt lat="36.488753" lon="126.686299"></trkpt>
      <trkpt lat="36.488830" lon="126.685285"></trkpt>
      <trkpt lat="36.488752" lon="126.684593"></trkpt>
      <trkpt lat="36.489441" lon="126.683814"></trkpt>
      <trkpt lat="36.490386" lon="126.684016"></trkpt>
      <trkpt lat="36.491586" lon="126.683311"></trkpt>
      <trkpt lat="36.492195" lon="126.683458"></trkpt>
      <trkpt lat="36.492496" lon="126.683771"></trkpt>
      <trkpt lat="36.492758" lon="126.683703"></trkpt>
      <trkpt lat="36.493535" lon="126.683978"></trkpt>
      <trkpt lat="36.493977" lon="126.683461"></trkpt>
      <trkpt lat="36.494588" lon="126.683406"></trkpt>
      <trkpt lat="36.494826" lon="126.683225"></trkpt>
      <trkpt lat="36.495507" lon="126.683492"></trkpt>
      <trkpt lat="36.495755" lon="126.683785"></trkpt>
      <trkpt lat="36.495937" lon="126.684246"></trkpt>
      <trkpt lat="36.496307" lon="126.684671"></trkpt>
      <trkpt lat="36.496237" lon="126.685474"></trkpt>
      <trkpt lat="36.497570" lon="126.687005"></trkpt>
      <trkpt lat="36.497860" lon="126.687831"></trkpt>
      <trkpt lat="36.498247" lon="126.688126"></trkpt>
      <trkpt lat="36.499069" lon="126.688307"></trkpt>
      <trkpt lat="36.501059" lon="126.688217"></trkpt>
      <trkpt lat="36.501296" lon="126.687552"></trkpt>
      <trkpt lat="36.501761" lon="126.686934"></trkpt>
      <trkpt lat="36.501956" lon="126.686260"></trkpt>
      <trkpt lat="36.502632" lon="126.685743"></trkpt>
      <trkpt lat="36.503427" lon="126.685540"></trkpt>
      <trkpt lat="36.503692" lon="126.686092"></trkpt>
      <trkpt lat="36.504698" lon="126.687361"></trkpt>
      <trkpt lat="36.505731" lon="126.688014"></trkpt>
      <trkpt lat="36.505913" lon="126.688868"></trkpt>
      <trkpt lat="36.506136" lon="126.688518"></trkpt>
      <trkpt lat="36.506597" lon="126.688306"></trkpt>
      <trkpt lat="36.508090" lon="126.689930"></trkpt>
      <trkpt lat="36.508800" lon="126.690030"></trkpt>
      <trkpt lat="36.509626" lon="126.689071"></trkpt>
      <trkpt lat="36.509936" lon="126.688899"></trkpt>
      <trkpt lat="36.510757" lon="126.689311"></trkpt>
      <trkpt lat="36.512432" lon="126.689735"></trkpt>
      <trkpt lat="36.513480" lon="126.689593"></trkpt>
      <trkpt lat="36.513947" lon="126.689855"></trkpt>
    </trkseg>
  </trk>
</gpx>
